branch_clean,maps_to_branch_id,exams,total_rows,total_colleges,suggested_primary_branch,note
"B. Tech. (ME) - MBA (NITIE) (5 Years, Bachelor of Technology and MBA (Dual Degree))",MECHENG,JoSAA,42,1,Mechanical / Mechatronics Engineering ,
"B. Tech. and M. Tech. in Engineering and Computational Mechanics (Dual Degree) (5 Years, Bachelor and Master of Technology (Dual Degree))",ENGSCI,JoSAA,96,1,Engineering Science,
"B.Tech. (Elctrical Engineering) - MBA (5 Years, Bachelor of Technology and MBA (Dual Degree))",ELEC,JoSAA,24,1,Electrical / Electronics / Communications Engineering,
CLOUD COMPUTING,CSIT,WBJEE,6,2,Computer Science / Information Technology,
"Computational Engineering and Mechanics (4 Years, Bachelor of Technology)",CSIT,JoSAA,72,1,Computer Science / Information Technology,
Integrated M.Sc. in Material Science and Engg,MEMS,OJEE,1,1,Metallurgy Engineering And Material Science,
Jute & Fibre Technology,TEXTILE,WBJEE,104,4,Textile Engineering,
LEATHER TECHNOLOGY,OTHER,TNEA,7,1,Textile Engineering,
Leather Technology,OTHER,WBJEE,94,2,Textile Engineering,
MATERIAL SCIENCE AND ENGINEERING,MEMS,TNEA,6,1,Metallurgy Engineering And Material Science,
Power Engineering,ENERGYENG,WBJEE,96,2,Energy Engineering,
Power Engineering/Power Plant Engineering,ENERGYENG,WBJEE,24,2,Energy Engineering,
RUBBER TECHNOLOGY,POLYMERTECH,GUJCET,4,1,Polymer Technology,
Semiconductor Technology,ELEC,WBJEE,5,2,Electrical / Electronics / Communications Engineering,
"Space Science and Engineering (4 Years, Bachelor of Technology)",SPACEENG,JoSAA,48,1,Space Engineering,
VIRTUAL REALITY (AR/VR),CSIT,WBJEE,2,1,Computer Science / Information Technology,
AERO SPACE ENGINEERING,AERO,CollegeFees; GUJCET; KCET,96,11,Aerospace Engineering,
Aircraft Maintenance Engineering,AERO,OJEE,2,1,Aerospace Engineering,
B TECH IN AERO SPACE ENGINEERING,AERO,KCET,50,4,Aerospace Engineering,
B TECH IN AERONAUTICAL ENGINEERING,AERO,KCET,1,1,Aerospace Engineering,
AGRICULTURAL TECHNOLOGY,AGRIENG,GUJCET,1,1,Agricultural Engineering,
AGRICULTURE ENGINEERING,AGRIENG,KCET,5,5,Agricultural Engineering,
Agriculture Engineering,AGRIENG,OJEE,8,5,Agricultural Engineering,
B TECH IN AGRICULTURAL ENGINEERING,AGRIENG,KCET,7,1,Agricultural Engineering,
B.Tech Agricultural Engineering,AGRIENG,KEAM,17,4,Agricultural Engineering,
B.Tech Agriculture Engineering,AGRIENG,KEAM,60,5,Agricultural Engineering,
B.Tech. (Agricultural Engg.),AGRIENG,KEAM,36,1,Agricultural Engineering,
B.Tech. (Agrl. Engg.),AGRIENG,KEAM,25,1,Agricultural Engineering,
"Digital Agriculture (4 Years, Bachelor of Technology)",AGRIENG,JoSAA,48,1,Agricultural Engineering,
"Animation and VFX (4 Years, Bachelor of Technology)",DESIGN,JoSAA,33,1,Design,
Cinematography,DESIGN,OJEE,1,1,Design,
Film Editing,DESIGN,OJEE,4,1,Design,
Architectural Engineering,ARCH,WBJEE,84,1,Architecture,
"Architecture, Town and Regional Planning (5 Years, Bachelor of Architecture)",ARCH,JoSAA,363,1,Architecture,
B ARCH,ARCH,OJEE; WBJEE,25,6,Architecture,
B.ARCH,ARCH,WBJEE,14,3,Architecture,
Naval Architecture & Ship Building Engineering,ARCH,KEAM,61,3,Architecture,
Naval Architecture And Marine Engineering,ARCH,AP-EAPCET,22,1,Architecture,expanded from EAPCET code NAM (official course list)
"Naval Architecture and Ocean Engineering (5 Years, Bachelor and Master of Technology (Dual Degree))",ARCH,JoSAA,101,1,Architecture,
"Ocean Engineering and Naval Architecture (5 Years, Bachelor and Master of Technology (Dual Degree))",ARCH,JoSAA,394,1,Architecture,
ARTIFICIAL INTELLIGENCE (AI),AIML,WBJEE,69,2,Artificial Intelligence / Machine Learning / Data Science,
ARTIFICIAL INTELLIGENCE ENGINEERING,AIML,KCET,1,1,Artificial Intelligence / Machine Learning / Data Science,
ARTIFICIAL INTELLIGENCE(AI) AND MACHINE LEARNING,AIML,GUJCET,33,7,Artificial Intelligence / Machine Learning / Data Science,
ARTIFICIAL INTELLIGENT(AI),AIML,OJEE,1,1,Artificial Intelligence / Machine Learning / Data Science,
AUGMENTED REALITY,AIML,WBJEE,1,1,Artificial Intelligence / Machine Learning / Data Science,
Artificial Intelligence & Machine Learning,AIML,OJEE,10,5,Artificial Intelligence / Machine Learning / Data Science,
B TECH IN ARTIFICIAL INTELLIGENCE AND DATA SCIENCE,AIML,KCET,100,5,Artificial Intelligence / Machine Learning / Data Science,
B TECH IN ARTIFICIAL INTELLIGENCE AND MACHINE LEARNING,AIML,KCET,47,4,Artificial Intelligence / Machine Learning / Data Science,
B TECH IN COMPUTER SCIENCE & ENGINEERING (ARTIFICAL INTELLIGENCE & MACHINE LEARNING),AIML,CollegeFees,20,1,Artificial Intelligence / Machine Learning / Data Science,
B TECH IN COMPUTER SCIENCE & ENGINEERING(ARTIFICAL INTELLIGENCE & MACHINE LEARNING),AIML,KCET,179,7,Artificial Intelligence / Machine Learning / Data Science,
B TECH IN COMPUTER SCIENCE & ENGINEERING(ARTIFICIAL INTELLIGENCE AND FUTURE TECHNOLOGIES),AIML,KCET,19,1,Artificial Intelligence / Machine Learning / Data Science,
B TECH IN COMPUTER SCIENCE AND ENGINEERING(ARTIFICIAL INTELLIGENCE AND DATA SCIENCE),AIML,KCET,48,2,Artificial Intelligence / Machine Learning / Data Science,
B TECH IN COMPUTER SCIENCE AND ENGINEERING(DATA SCIENCE),AIML,KCET,61,4,Artificial Intelligence / Machine Learning / Data Science,
B TECH IN COMPUTER SCIENCE(AI &ML),AIML,KCET,38,2,Artificial Intelligence / Machine Learning / Data Science,
B TECH IN COMPUTER SCIENCE(DATA SCIENCE),AIML,KCET,12,1,Artificial Intelligence / Machine Learning / Data Science,
B TECH IN ROBOTICS AND ARTIFICIAL INTELLIGENCE,AIML,KCET,46,4,Artificial Intelligence / Machine Learning / Data Science,
B TECH(HONS)COMPUTER SCIENCE AND ENGINEERING(DATA SCIENCE),AIML,KCET,11,1,Artificial Intelligence / Machine Learning / Data Science,
B.TECH IN COMPUTER SCIENCE AND ARTIFICIAL INTELLIGENCE,AIML,KCET,13,1,Artificial Intelligence / Machine Learning / Data Science,
B.TECH IN COMPUTER SICENCE AND ENGINEERING(DATA ANALYTICS),AIML,KCET,9,1,Artificial Intelligence / Machine Learning / Data Science,
"B.Tech in CSE (AI and ML) (4 Years, Bachelor of Technology)",AIML,JoSAA,42,1,Artificial Intelligence / Machine Learning / Data Science,
BTECH IN INFORMATION TECHNOLOGY AUGMENTED REALITY AND VIRUTAL REALITY(AR/VR),AIML,KCET,8,1,Artificial Intelligence / Machine Learning / Data Science,
BTECH IN INFORMATION TECHNOLOGY DATA ANALYTICS,AIML,KCET,11,1,Artificial Intelligence / Machine Learning / Data Science,
COMPUTER ENGINEERING (ARTIFICIAL INTELLIGENCE AND MACHINE LEARNING),AIML,GUJCET,4,3,Artificial Intelligence / Machine Learning / Data Science,
COMPUTER ENGINEERING (ARTIFICIAL INTELLIGENCE),AIML,GUJCET,2,1,Artificial Intelligence / Machine Learning / Data Science,
COMPUTER ENGINEERING (Data Science),AIML,GUJCET,1,1,Artificial Intelligence / Machine Learning / Data Science,
COMPUTER SCIENCE & ENGINEERING (ARTIFICIAL INTELLIGENCE & CYBER SECURITY),AIML,WBJEE,4,1,Artificial Intelligence / Machine Learning / Data Science,
COMPUTER SCIENCE & ENGINEERING (ARTIFICIAL INTELLIGENCE & DATA SCIENCE),AIML,WBJEE,3,1,Artificial Intelligence / Machine Learning / Data Science,
COMPUTER SCIENCE & ENGINEERING (ARTIFICIAL INTELLIGENCE & ROBOTICS),AIML,WBJEE,6,2,Artificial Intelligence / Machine Learning / Data Science,
COMPUTER SCIENCE & ENGINEERING (ARTIFICIAL INTELLIGENCE AND MACHINE LEARNING),AIML,GUJCET,51,20,Artificial Intelligence / Machine Learning / Data Science,
COMPUTER SCIENCE & ENGINEERING (ARTIFICIAL INTELLIGENCE),AIML,GUJCET,17,7,Artificial Intelligence / Machine Learning / Data Science,
COMPUTER SCIENCE & ENGINEERING (BIG DATA ANALYTICS),AIML,GUJCET,4,2,Artificial Intelligence / Machine Learning / Data Science,
COMPUTER SCIENCE & ENGINEERING (Big Data Analytics),AIML,GUJCET,2,1,Artificial Intelligence / Machine Learning / Data Science,
COMPUTER SCIENCE & ENGINEERING (DATA SCIENCE & ARTIFICIAL INTELLIGENCE),AIML,WBJEE,6,1,Artificial Intelligence / Machine Learning / Data Science,
COMPUTER SCIENCE & ENGINEERING (DATA SCIENCE),AIML,GUJCET,28,9,Artificial Intelligence / Machine Learning / Data Science,
COMPUTER SCIENCE & ENGINEERING (ROBOTICS AND ARTIFICIAL INTELLIGENCE),AIML,WBJEE,8,3,Artificial Intelligence / Machine Learning / Data Science,
COMPUTER SCIENCE AND ENGG (ARTIFICIAL INTELLIGENCE),AIML,CollegeFees; TG-EAPCET,77,4,Artificial Intelligence / Machine Learning / Data Science,
COMPUTER SCIENCE AND ENGG(ARTIFICIA L INTELLIGENCE AND MACHINE LEARNING),AIML,CollegeFees,101,10,Artificial Intelligence / Machine Learning / Data Science,
COMPUTER SCIENCE AND ENGINEERING (AI AND MACHINE LEARNING),AIML,TNEA,609,129,Artificial Intelligence / Machine Learning / Data Science,
COMPUTER SCIENCE AND ENGINEERING (ARTIFICIAL INTELLIGENCE AND MACHINE LEARNING),AIML,TG-EAPCET,2541,122,Artificial Intelligence / Machine Learning / Data Science,
COMPUTER SCIENCE AND ENGINEERING(AIML),AIML,KCET,14,1,Artificial Intelligence / Machine Learning / Data Science,
COMPUTER SCIENCE AND ENGINEERING(ARTIFICAL INTELLIGENCE & DATA SCIENCE),AIML,KCET,30,3,Artificial Intelligence / Machine Learning / Data Science,
COMPUTER SCIENCE AND ENGINEERING(ARTIFICIAL INTELLIGENCE AND MACHINE LEARNING),AIML,KCET,744,63,Artificial Intelligence / Machine Learning / Data Science,
COMPUTER SCIENCE AND ENGINEERING(ARTIFICIAL INTELLIGENCE),AIML,KCET; TNEA,93,8,Artificial Intelligence / Machine Learning / Data Science,
CSE (Artificial Intelligence & Data Science),AIML,AP-EAPCET,453,21,Artificial Intelligence / Machine Learning / Data Science,expanded from EAPCET code CAD (official course list)
CSE (Artificial Intelligence And Machine Learning),AIML,AP-EAPCET,2656,125,Artificial Intelligence / Machine Learning / Data Science,expanded from EAPCET code CSM (official course list)
CSE - Data Analytics,AIML,AP-EAPCET,36,1,Artificial Intelligence / Machine Learning / Data Science,expanded from EAPCET code CDA (official course list)
Comp. Sci. And Engg.. (Artificial Intelligence),AIML,AP-EAPCET,1042,52,Artificial Intelligence / Machine Learning / Data Science,expanded from EAPCET code CAI (official course list)
Computer Science & Engineering (Artificial Intelligence And Machine Learning),AIML,WBJEE,1038,89,Artificial Intelligence / Machine Learning / Data Science,
Computer Science & Engineering (Artificial Intelligence),AIML,KEAM; WBJEE,284,27,Artificial Intelligence / Machine Learning / Data Science,
Computer Science & Engineering (Data Science),AIML,KEAM; WBJEE,1071,72,Artificial Intelligence / Machine Learning / Data Science,
Computer Science Engineering (Artificial Inteligence and Machine Learning),AIML,OJEE,37,17,Artificial Intelligence / Machine Learning / Data Science,
Computer Science Engineering (Big Data Analytics),AIML,AP-EAPCET,18,1,Artificial Intelligence / Machine Learning / Data Science,expanded from EAPCET code CBA (official course list)
Computer Science Engineering with specialization in Artificial Intelligence and Machine Learning,AIML,OJEE,26,3,Artificial Intelligence / Machine Learning / Data Science,
Computer Science and Engineering (Artificial Intelligence and Machine Learning),AIML,KEAM; TNEA,370,19,Artificial Intelligence / Machine Learning / Data Science,
"Computer Science and Engineering (Artificial Intelligence and Machine Learning) (4 Years, Bachelor of Technology)",AIML,JoSAA,60,1,Artificial Intelligence / Machine Learning / Data Science,
Computer Science and Engineering (Artificial Intelligence),AIML,KEAM; MHT-CET,450,23,Artificial Intelligence / Machine Learning / Data Science,
"Computer Science and Engineering with minor in AI and ML (4 Years, Bachelor of Technology)",AIML,JoSAA,42,1,Artificial Intelligence / Machine Learning / Data Science,
"Computer Science and Engineering with specialization in Quantum Technologies (4 Years, Bachelor of Technology)",AIML,JoSAA,60,1,Artificial Intelligence / Machine Learning / Data Science,
Computer Science and Engineering(Artificial Intelligence and Machine Learning),AIML,MHT-CET,1107,51,Artificial Intelligence / Machine Learning / Data Science,
Computer science & Engineering (Data Science),AIML,OJEE,33,17,Artificial Intelligence / Machine Learning / Data Science,
DATA SCIENCES,AIML,KCET,3,3,Artificial Intelligence / Machine Learning / Data Science,
ELECTRONICS & COMMUNICATION ENGINEERING (ARTIFICIAL INTELLIGENCE AND MACHINE LEARNING),AIML,GUJCET,3,2,Artificial Intelligence / Machine Learning / Data Science,
Mechanical Engineering (Artificial Intelligence and Robotics),AIML,OJEE,9,2,Artificial Intelligence / Machine Learning / Data Science,
Quantum Computing,AIML,AP-EAPCET,20,1,Artificial Intelligence / Machine Learning / Data Science,expanded from EAPCET code QC (official course list)
ROBOTICS & ARTIFICIAL INTELLIGENCE,AIML,GUJCET; WBJEE,9,5,Artificial Intelligence / Machine Learning / Data Science,
"Robotics and AI (4 Years, Bachelor of Technology)",AIML,JoSAA,36,1,Artificial Intelligence / Machine Learning / Data Science,
AUTOMOTIVE ENGINEERING,AUTOENG,KCET,4,1,Automobile Engineering,
BIOMEDICAL AND ROBOTIC ENGINEERING,BIOMEDENG,KCET,1,1,Biomedical Engineering,
"Bio Engineering (5 Years, Bachelor and Master of Technology (Dual Degree))",BIOMEDENG,JoSAA,212,1,Biomedical Engineering,
"Bioengineering (4 Years, Bachelor of Technology)",BIOMEDENG,JoSAA,48,1,Biomedical Engineering,
"Biological Engineering (5 Years, Bachelor and Master of Technology (Dual Degree))",BIOMEDENG,JoSAA,345,1,Biomedical Engineering,
Biomedical & Robotic Engineering,BIOMEDENG,KEAM,21,1,Biomedical Engineering,
"Instrumentation and Biomedical Engineering (4 Years, Bachelor of Technology)",BIOMEDENG,JoSAA,66,1,Biomedical Engineering,
B TECH IN BIO- TECHNOLOGY,BIOTECH,CollegeFees,11,1,Biotechnology,
B TECH IN BIO-TECHNOLOGY,BIOTECH,KCET,31,3,Biotechnology,
B.TECH IN BIOTECHNOLOGY & BIO-ENGINEERING,BIOTECH,KCET,10,1,Biotechnology,
INDUSTRIAL BIO TECHNOLOGY,BIOTECH,TNEA,24,4,Biotechnology,
"Abu Dhabi Campus - Chemical Engineering (4 Years, Bachelor of Technology)",CHEMENG,JoSAA,48,1,Chemical Engineering,
B TECH IN PETROLEUM ENGINEERING,CHEMENG,KCET,1,1,Chemical Engineering,
Bio Technology and Bio Chemical Engineering,CHEMENG,TNEA,6,1,Chemical Engineering,
Bio Technology and Biochemical Engg.,CHEMENG,KEAM,42,2,Chemical Engineering,
Bio Technology and Biochemical Engineering,CHEMENG,KEAM,20,2,Chemical Engineering,
"Biochemical Engineering (4 Years, Bachelor of Technology)",CHEMENG,JoSAA,48,1,Chemical Engineering,
"Biochemical Engineering and Biotechnology (5 Years, Bachelor and Master of Technology (Dual Degree))",CHEMENG,JoSAA,105,1,Chemical Engineering,
"Biotechnology and Biochemical Engineering (5 Years, Bachelor and Master of Technology (Dual Degree))",CHEMENG,JoSAA,387,1,Chemical Engineering,
"CERAMIC ENGINEERING, OIL TECHNOLOGY, PETROCHEM & PETRO REFINERY ENGG, PHARMACEUTICAL & FINE CHEMICAL TECHNOLOGY",CHEMENG,WBJEE,21,2,Chemical Engineering,
CHEMICAL & ENVIRONMENTAL ENGINEERING,CHEMENG,GUJCET,3,1,Chemical Engineering,
CHEMICAL AND ELECTRO CHEMICAL ENGINEERING,CHEMENG,TNEA,5,1,Chemical Engineering,
CHEMICAL TECHNOLOGY (Ceramic Engineering),CHEMENG,WBJEE,13,2,Chemical Engineering,
"CHEMICAL TECHNOLOGY (Ceramic Engineering, Oil Technology, Petrochem & petro refinery Engg, Pharmaceutical & Fine Chemical Technology)",CHEMENG,WBJEE,41,2,Chemical Engineering,
CHEMICAL TECHNOLOGY (Oil Technology),CHEMENG,WBJEE,12,2,Chemical Engineering,
CHEMICAL TECHNOLOGY (Petrochem & Petro refinery Engineering),CHEMENG,WBJEE,13,2,Chemical Engineering,
CHEMICAL TECHNOLOGY (Pharmaceutical & Fine Chemical Technology),CHEMENG,WBJEE,13,2,Chemical Engineering,
"Ceramic Engineering, Oil Technology, Petrochem & Petro Refinery Engg, Pharmaceutical & Fine Chemical Technology",CHEMENG,WBJEE,27,2,Chemical Engineering,
"Chemical Engineering (Plastic and Polymer) (4 Years, Bachelor of Technology)",CHEMENG,JoSAA,234,1,Chemical Engineering,
"Chemical Science (5 Years, Integrated Bachelor of Science-Master of Science)",CHEMENG,JoSAA,48,1,Chemical Engineering,
Food Technology And Bio Chemical Engineering,CHEMENG,WBJEE,100,2,Chemical Engineering,
PETROLEUM ENGINEERING AND TECHNOLOGY,CHEMENG,TNEA,6,1,Chemical Engineering,
PLASTIC & POLYMER ENGINEERING,CHEMENG,GUJCET,1,1,Chemical Engineering,
PLASTIC ENGINEERING,CHEMENG,GUJCET,1,1,Chemical Engineering,
POLYMER SCIENCE & TECHNOLOGY,CHEMENG,CollegeFees; KCET,2,2,Chemical Engineering,
Petroleum Technology,CHEMENG,AP-EAPCET,36,1,Chemical Engineering,expanded from EAPCET code PET (official course list)
Plastic Engineering,CHEMENG,OJEE,3,2,Chemical Engineering,
Polymer Science & Technology,CHEMENG,WBJEE,91,2,Chemical Engineering,
"Polymer Science and Engineering (4 Years, Bachelor of Technology)",CHEMENG,JoSAA,223,1,Chemical Engineering,
RUBBER AND PLASTIC TECHNOLOGY,CHEMENG,TNEA,6,1,Chemical Engineering,
Integrated MSc in Chemistry,CHEM,OJEE,3,1,Chemistry,
B TECH IN CIVIL ENGINEERING,CIVILENG,KCET,21,7,Civil Engineering,
B. Tech in Civil Engineering & M.Tech in Structural Engineering (5 year Integrated UG & PG),CIVILENG,OJEE,4,1,Civil Engineering,
B.TECH IN CIVIL CONSTRUCTION AND SUSTAINABILITY ENGINEERING,CIVILENG,KCET,1,1,Civil Engineering,
"B.Tech. (Civil Engineering) - MBA (5 Years, Bachelor of Technology and MBA (Dual Degree))",CIVILENG,JoSAA,24,1,Civil Engineering,
BUILDING SERVICES ENGG,CIVILENG,TG-EAPCET,22,1,Civil Engineering,
Bachelor of Technology (Hons) in Civil Engineering (BCE),CIVILENG,GUJCET,5,1,Civil Engineering,
CIVIL AND STRUCTUTURAL ENGINEERING,CIVILENG,TNEA,6,1,Civil Engineering,
CIVIL ENGINEERING (CONSTRUCTION TECHNOLOGY),CIVILENG,GUJCET,1,1,Civil Engineering,
CIVIL ENGINEERING (SUSTAINABLE ENERGY ENGINEERING),CIVILENG,GUJCET,1,1,Civil Engineering,
CIVIL ENGINEERING (TAMIL MEDIUM),CIVILENG,TNEA,54,11,Civil Engineering,
CIVIL ENVIRONMENTAL ENGINEERING,CIVILENG,KCET,1,1,Civil Engineering,
CIVIL IRRIGATION WATER MANAGEMENT,CIVILENG,GUJCET,1,1,Civil Engineering,
CONSTRUCTION TECHNOLOGY AND MGMT,CIVILENG,KCET,1,1,Civil Engineering,
Civil Engineering (Environmental Engineering),CIVILENG,TNEA,6,1,Civil Engineering,
Civil Engineering (Structural Engineering),CIVILENG,MHT-CET,14,1,Civil Engineering,
"Civil Engineering and M. Tech. in Structural Engineering (5 Years, Bachelor and Master of Technology (Dual Degree))",CIVILENG,JoSAA,329,1,Civil Engineering,
"Civil Engineering and M.Tech in Transportation Engineering (5 Years, Bachelor and Master of Technology (Dual Degree))",CIVILENG,JoSAA,352,2,Civil Engineering,
"Civil Engineering and M.Tech in Water Resources (5 Years, Bachelor and Master of Technology (Dual Degree))",CIVILENG,JoSAA,36,1,Civil Engineering,
"Civil Engineering and M.Tech. in Environmental Engineering (5 Years, Bachelor and Master of Technology (Dual Degree))",CIVILENG,JoSAA,292,1,Civil Engineering,
"Civil Engineering with M.Tech. in Structural Engineering (5 Years, Bachelor and Master of Technology (Dual Degree))",CIVILENG,JoSAA,24,1,Civil Engineering,
"Civil Engineering with any of the listed specialization (5 Years, Bachelor and Master of Technology (Dual Degree))",CIVILENG,JoSAA,443,2,Civil Engineering,
Construction Engineering,CIVILENG,WBJEE,118,2,Civil Engineering,
"Abu Dhabi Campus - Computer Science and Engineering (4 Years, Bachelor of Technology)",CSIT,JoSAA,42,1,Computer Science / Information Technology,
B TECH IN COMPUTER ENGINEERING,CSIT,KCET,14,1,Computer Science / Information Technology,
B TECH IN COMPUTER SCIENCE,CSIT,KCET,17,1,Computer Science / Information Technology,
B TECH IN COMPUTER SCIENCE AND ENGINEERING,CSIT,CollegeFees; KCET,441,20,Computer Science / Information Technology,
B TECH IN COMPUTER SCIENCE AND ENGINEERING(IOT),CSIT,KCET,28,2,Computer Science / Information Technology,
B TECH IN COMPUTER SCIENCE AND INFORMATION TECHNOLOGY,CSIT,KCET,20,1,Computer Science / Information Technology,
B TECH IN COMPUTER SCIENCE AND TECHNOLOGY,CSIT,KCET,31,2,Computer Science / Information Technology,
B TECH IN COMPUTER SCIENCE AND TECHNOLOGY(BIG DATA),CSIT,KCET,12,1,Computer Science / Information Technology,
B TECH IN COMPUTER SCIENCE AND TECHNOLOGY(DEV OPS),CSIT,KCET,12,1,Computer Science / Information Technology,
B TECH IN COMPUTER SCIENCE(CLOUD COMPUTING),CSIT,KCET,6,1,Computer Science / Information Technology,
B TECH IN COMPUTER SCIENCE(INFORMATION SECURITY),CSIT,KCET,1,1,Computer Science / Information Technology,
B TECH IN ELECTRONICS & COMPUTER ENGINEERING,CSIT,KCET,28,3,Computer Science / Information Technology,
B TECH IN INFORMATION SCIENCE & TECHNOLOGY,CSIT,KCET,15,1,Computer Science / Information Technology,
B TECH IN INFORMATION SCIENCE ENGINEERING,CSIT,KCET,67,4,Computer Science / Information Technology,
B TECH IN INFORMATION TECHNOLOGY,CSIT,KCET,26,3,Computer Science / Information Technology,
B. Tech in Computer Science & Engineering & M.Tech in Computer Science & Engineering ( 5,CSIT,OJEE,4,1,Computer Science / Information Technology,
"B. Tech. Computer Science and Engineering and M. Tech. Computer Science and Engineering with specialization in Systems Design (5 Years, Bachelor and Master of Technology (Dual Degree))",CSIT,JoSAA,36,1,Computer Science / Information Technology,
B.TECH IN COMPUTER ENGINEERING(SOFTWARE PRODUCT DEVELOPMENT),CSIT,KCET,14,1,Computer Science / Information Technology,
B.TECH IN COMPUTER SCIENCE & ENGINEERING(BUSINESS SYSTEMS),CSIT,KCET,1,1,Computer Science / Information Technology,
B.TECH IN COMPUTER SCIENCE AND ENGINEERING(CLOUD COMPUTING),CSIT,KCET,9,1,Computer Science / Information Technology,
B.TECH IN COMPUTER SCIENCE AND ENGINEERING(DEV OPS),CSIT,KCET,6,1,Computer Science / Information Technology,
B.TECH IN COMPUTER SCIENCE AND ENGINEERING(FULL STACK DEVELOPMENT),CSIT,KCET,8,1,Computer Science / Information Technology,
B.TECH IN COMPUTER SCIENCE AND ENGINEERING(ROBOTICS),CSIT,KCET,9,1,Computer Science / Information Technology,
B.TECH IN COMPUTER SCIENCE AND MEDICAL ENGINEERING,CSIT,KCET,11,1,Computer Science / Information Technology,
B.TECH IN COMPUTER SCIENCE(INTERNET OF THINGS),CSIT,KCET,10,2,Computer Science / Information Technology,
B.TECH IN ELECTRICAL ENGINEERING AND COMPUTER SCIENCE,CSIT,KCET,7,1,Computer Science / Information Technology,
"B.Tech (Information Technology) and MBA /M.Tech (Information Technology) (5 Years, Integrated B. Tech. and M. Tech. /MBA)",CSIT,JoSAA,37,1,Computer Science / Information Technology,
"B.Tech. (Computer Science and Engineering) - MBA (5 Years, Bachelor of Technology and MBA (Dual Degree))",CSIT,JoSAA,24,1,Computer Science / Information Technology,
BTECH IN COMPUTER SCIENCE AND BUSINESS SYSTEMS,CSIT,KCET,22,1,Computer Science / Information Technology,
BTECH IN COMPUTER SCIENCE AND DESIGN,CSIT,KCET,14,1,Computer Science / Information Technology,
CIVIL ENGINEERING WITH COMPUTER APPLICATION,CSIT,KCET,1,1,Computer Science / Information Technology,
COMPUTER AND COMMUNICATION ENGINEERING,CSIT,KCET; TNEA,58,10,Computer Science / Information Technology,
COMPUTER ENGINEERING & APPLICATION,CSIT,GUJCET,4,1,Computer Science / Information Technology,
COMPUTER SCIENCE & BIOSCIENCES,CSIT,GUJCET,8,4,Computer Science / Information Technology,
COMPUTER SCIENCE & BUSINESS SYSTEMS,CSIT,GUJCET,7,2,Computer Science / Information Technology,
COMPUTER SCIENCE & DESIGN,CSIT,GUJCET; TG-EAPCET,40,5,Computer Science / Information Technology,
COMPUTER SCIENCE & ENGINEERING,CSIT,GUJCET; WBJEE,883,186,Computer Science / Information Technology,
COMPUTER SCIENCE & ENGINEERING (CLOUD COMPUTING),CSIT,GUJCET,2,1,Computer Science / Information Technology,
COMPUTER SCIENCE & ENGINEERING (Cloud Computing),CSIT,GUJCET,1,1,Computer Science / Information Technology,
COMPUTER SCIENCE & ENGINEERING (GAMING),CSIT,WBJEE,8,2,Computer Science / Information Technology,
COMPUTER SCIENCE & ENGINEERING (INTERNET OF THINGS),CSIT,WBJEE,49,10,Computer Science / Information Technology,
COMPUTER SCIENCE & ENGINEERING (IOT ),CSIT,WBJEE,6,2,Computer Science / Information Technology,
COMPUTER SCIENCE & ENGINEERING (IOT),CSIT,GUJCET,5,1,Computer Science / Information Technology,
COMPUTER SCIENCE & ENGINEERING (NETWORKS),CSIT,TG-EAPCET; WBJEE,27,3,Computer Science / Information Technology,
COMPUTER SCIENCE & ENGINEERING - M.TECH INTEGRATED,CSIT,GUJCET,2,1,Computer Science / Information Technology,
COMPUTER SCIENCE & TECHNOLOGY,CSIT,GUJCET; KCET; OJEE; WBJEE,27,10,Computer Science / Information Technology,
COMPUTER SCIENCE AND APPLIED MATHEMATICS,CSIT,WBJEE,14,2,Computer Science / Information Technology,
COMPUTER SCIENCE AND BUSINESS SYSTEM,CSIT,TG-EAPCET,154,7,Computer Science / Information Technology,
COMPUTER SCIENCE AND BUSSINESS SYSTEM,CSIT,TNEA,313,69,Computer Science / Information Technology,
COMPUTER SCIENCE AND ENGINEERING (TAMIL),CSIT,TNEA,6,1,Computer Science / Information Technology,
COMPUTER SCIENCE AND ENGINEERING(D ATA SCIENCE),CSIT,CollegeFees,96,11,Computer Science / Information Technology,
COMPUTER SCIENCE AND ENGINEERING(INTERNET OF THINGS),CSIT,KCET,1,1,Computer Science / Information Technology,
CSE - Devops,CSIT,AP-EAPCET,29,1,Computer Science / Information Technology,expanded from EAPCET code CSED (official course list)
CSE With Specialisation In Cloud Computing,CSIT,AP-EAPCET,83,3,Computer Science / Information Technology,expanded from EAPCET code CCC (official course list)
CSE With Spl In IoT & Automation,CSIT,AP-EAPCET,20,1,Computer Science / Information Technology,expanded from EAPCET code CIA (official course list)
Civil Engineering with Computer Application,CSIT,KEAM; MHT-CET,25,3,Computer Science / Information Technology,
"Computer Engineering (5 Years, Bachelor and Master of Technology (Dual Degree))",CSIT,JoSAA,65,1,Computer Science / Information Technology,
Computer Engineering (Regional Language),CSIT,MHT-CET,22,1,Computer Science / Information Technology,
Computer Networking,CSIT,AP-EAPCET,34,1,Computer Science / Information Technology,expanded from EAPCET code CN (official course list)
Computer Science & Business System,CSIT,WBJEE,119,22,Computer Science / Information Technology,
Computer Science & Design,CSIT,KEAM,36,4,Computer Science / Information Technology,
Computer Science & Engineering,CSIT,KEAM; WBJEE,5068,285,Computer Science / Information Technology,
"Computer Science & Engineering (5 Years, B.Tech. + M.Tech./MS (Dual Degree))",CSIT,JoSAA,132,1,Computer Science / Information Technology,
Computer Science & Engineering (Artificail Inteligence),CSIT,OJEE,13,6,Computer Science / Information Technology,
Computer Science & Engineering (IOT),CSIT,WBJEE,89,18,Computer Science / Information Technology,
Computer Science & Engineering and Business Systems,CSIT,KEAM,25,1,Computer Science / Information Technology,
Computer Science & Technology,CSIT,WBJEE,106,10,Computer Science / Information Technology,
"Computer Science (5 Years, Integrated Master of Technology)",CSIT,JoSAA,184,1,Computer Science / Information Technology,
Computer Science And Biosciences,CSIT,AP-EAPCET,36,1,Computer Science / Information Technology,expanded from EAPCET code CSBS (official course list)
Computer Science And Business System,CSIT,WBJEE,302,27,Computer Science / Information Technology,
Computer Science And Engg. & Business Systems,CSIT,AP-EAPCET,20,1,Computer Science / Information Technology,expanded from EAPCET code CSEB (official course list)
Computer Science And Systems Engineering,CSIT,AP-EAPCET,19,1,Computer Science / Information Technology,expanded from EAPCET code CSS (official course list)
Computer Science and Business System,CSIT,TNEA,6,1,Computer Science / Information Technology,
Computer Science and Engineering (Internet of Things),CSIT,TNEA,48,9,Computer Science / Information Technology,
"Computer Science and Engineering and M.Tech Computer Science (5 Years, Bachelor and Master of Technology (Dual Degree))",CSIT,JoSAA,36,1,Computer Science / Information Technology,
"Computer Science and Engineering and M.Tech in Information Security (5 Years, Bachelor and Master of Technology (Dual Degree))",CSIT,JoSAA,36,1,Computer Science / Information Technology,
"Computer Science and Technology (5 Years, Bachelor and Master of Technology (Dual Degree))",CSIT,JoSAA,54,1,Computer Science / Information Technology,
ELECTRICAL & COMPUTER ENGINEERING,CSIT,KCET; WBJEE,22,8,Computer Science / Information Technology,
ELECTRONICS & COMPUTER ENGINEERING,CSIT,CollegeFees; KCET,56,6,Computer Science / Information Technology,
ELECTRONICS & COMPUTER SCIENCE,CSIT,KCET; WBJEE,97,18,Computer Science / Information Technology,
ELECTRONICS AND COMPUTER SCIENCE (ECS),CSIT,WBJEE,8,2,Computer Science / Information Technology,
Electronics And Computer Science (ESC),CSIT,WBJEE,28,6,Computer Science / Information Technology,
"Electronics and Communication Engineering and MBA (Information Technology) (5 Years, Bachelor of Technology and MBA (Dual Degree))",CSIT,JoSAA,39,1,Computer Science / Information Technology,
GEO INFORMATICS,CSIT,TG-EAPCET; TNEA,38,4,Computer Science / Information Technology,
Geo-Informatics,CSIT,AP-EAPCET,20,1,Computer Science / Information Technology,expanded from EAPCET code GIN (official course list)
HONS. IN ICT WITH MINOR IN COMPUTATIONAL SCIENCE (CS),CSIT,GUJCET,7,1,Computer Science / Information Technology,
INFORMATION & COMMUNICATION TECHNOLOGY,CSIT,GUJCET,41,9,Computer Science / Information Technology,
INFORMATION SCIENCE,CSIT,KCET,1,1,Computer Science / Information Technology,
INFORMATION SCIENCE AND ENGINEERING,CSIT,CollegeFees; KCET,945,108,Computer Science / Information Technology,
INFORMATION TECHNOLOGY & ENGINEERING,CSIT,GUJCET,1,1,Computer Science / Information Technology,
"Information Technology (5 Years, Bachelor and Master of Technology (Dual Degree))",CSIT,JoSAA,54,1,Computer Science / Information Technology,
"Information Technology (Under Flexible Academic Program) (4 Years, Bachelor of Technology)",CSIT,JoSAA,60,1,Computer Science / Information Technology,
"Information Technology and M.Tech (Information Technology) Spl. (Human Computer Interaction) (5 Years, Bachelor and Master of Technology (Dual Degree))",CSIT,JoSAA,39,1,Computer Science / Information Technology,
"Information Technology and M.Tech (Information Technology) Spl. (Intellegent System) (5 Years, Bachelor and Master of Technology (Dual Degree))",CSIT,JoSAA,52,1,Computer Science / Information Technology,
"Information Technology and M.Tech (Information Technology) Spl. Bio-Informatics (5 Years, Bachelor and Master of Technology (Dual Degree))",CSIT,JoSAA,52,1,Computer Science / Information Technology,
"Information Technology and M.Tech (Information Technology) Spl. Robotics (5 Years, Bachelor and Master of Technology (Dual Degree))",CSIT,JoSAA,52,1,Computer Science / Information Technology,
"Information Technology and M.Tech (Information Technology) Spl. Software Engineering (5 Years, Bachelor and Master of Technology (Dual Degree))",CSIT,JoSAA,52,1,Computer Science / Information Technology,
"Information Technology and M.Tech (Information Technology) Spl. Wireless Communication Engineering (5 Years, Bachelor and Master of Technology (Dual Degree))",CSIT,JoSAA,52,1,Computer Science / Information Technology,
"Information Technology and MBA (Information Technology) (5 Years, Bachelor of Technology and MBA (Dual Degree))",CSIT,JoSAA,52,1,Computer Science / Information Technology,
"Integrated B. Tech.(IT) and M. Tech (IT) (5 Years, Integrated B. Tech. and M. Tech. /MBA)",CSIT,JoSAA,262,1,Computer Science / Information Technology,
"Integrated B. Tech.(IT) and MBA (5 Years, Integrated B. Tech. and M. Tech. /MBA)",CSIT,JoSAA,228,1,Computer Science / Information Technology,
M.Tech. Computer Science and Engineering (Integrated 5 years),CSIT,TNEA,42,7,Computer Science / Information Technology,
"Mechanical Engineering and M.Tech. in Computer Integrated Manufacturing (5 Years, Bachelor and Master of Technology (Dual Degree))",CSIT,JoSAA,346,1,Computer Science / Information Technology,
Software Engineering,CSIT,AP-EAPCET,36,1,Computer Science / Information Technology,expanded from EAPCET code SWE (official course list)
B TECH IN COMPUTER SCIENCE AND ENGINEERING(BLOCK CHAIN),CYBERSEC,KCET,13,1,Cyber Security,
B TECH IN COMPUTER SCIENCE AND ENGINEERING(CYBER SECURITY),CYBERSEC,KCET,57,3,Cyber Security,
B TECH IN COMPUTER SCIENCE AND ENGINEERING(IOT INCLUDING BLOCK CHAIN),CYBERSEC,KCET,15,1,Cyber Security,
B TECH IN COMPUTER SCIENCE(CYBER SECURITY),CYBERSEC,KCET,14,1,Cyber Security,
B.Sc. LL.B. (Hons.) Cyber Security,CYBERSEC,CLAT,11,1,Cyber Security,
COMPUTER SCIENCE & ENGINEERING (CYBER SECURITY),CYBERSEC,GUJCET,27,14,Cyber Security,
COMPUTER SCIENCE & ENGINEERING (Cyber Security),CYBERSEC,GUJCET,2,1,Cyber Security,
COMPUTER SCIENCE & ENGINEERING (INTERNET OF THINGS & CYBER SECURITY INCLUDING BLOCK CHAIN TECHNOLOGY),CYBERSEC,GUJCET,2,2,Cyber Security,
COMPUTER SCIENCE AND ENGG(INTERNE T OF THINGS & CYBER SECURITY INCLUDING BLOCK CHAIN TECH),CYBERSEC,CollegeFees,54,5,Cyber Security,
COMPUTER SCIENCE AND ENGINEERING (CYBER SECURITY),CYBERSEC,CollegeFees; TG-EAPCET,631,33,Cyber Security,
COMPUTER SCIENCE AND ENGINEERING(CYBER SECURITY),CYBERSEC,KCET,169,28,Cyber Security,
COMPUTER SCIENCE AND ENGINEERING(INTERNET OF THINGS & CYBER SECURITY INCLUDING BLOCK CHAIN TECH),CYBERSEC,KCET,225,28,Cyber Security,
CSE (IoT & Cyber Security With Block Chain Tech),CYBERSEC,AP-EAPCET,328,14,Cyber Security,expanded from EAPCET code CIC (official course list)
CSE (IoT AND CYBER SECURITY INCLUDING BLOCK CHAIN TECHNOLOGY),CYBERSEC,TG-EAPCET,44,2,Cyber Security,
CSE - Block Chain,CYBERSEC,AP-EAPCET,34,1,Cyber Security,expanded from EAPCET code CBC (official course list)
Computer Science & Engineering (Cyber Security),CYBERSEC,WBJEE,313,31,Cyber Security,
Computer Science & Engineering (Internet Of Things And Cyber Security Including Block Chain Technology),CYBERSEC,WBJEE,147,19,Cyber Security,
Computer Science & Engineering (Internet of Things & Cyber Security including Block Chain,CYBERSEC,KEAM,6,1,Cyber Security,
Computer Science & Engineering (Internet of Things & Cyber Security including Block Chain),CYBERSEC,KEAM,19,1,Cyber Security,
Computer Science And Engineering (Cyber Security),CYBERSEC,AP-EAPCET,674,32,Cyber Security,expanded from EAPCET code CSC (official course list)
Computer Science Engineering with specialization in Information and Cyber Security,CYBERSEC,OJEE,8,2,Cyber Security,
Computer Science and Engineering (Cyber Security),CYBERSEC,KEAM; MHT-CET; TNEA,1292,167,Cyber Security,
Computer Science and Engineering (Internet of Things and Cyber Security Including Block Chain,CYBERSEC,MHT-CET,178,12,Cyber Security,
Computer Science and Engineering (Internet of Things and Cyber Security including Block Chain Technology),CYBERSEC,TNEA,6,1,Cyber Security,
"Computer Science and Engineering (Internet of Things, Cyber Security including Block Chain Technology ) (4 Years, Bachelor of Technology)",CYBERSEC,JoSAA,40,1,Cyber Security,
Computer Science and Engineering(Cyber Security),CYBERSEC,MHT-CET; OJEE,82,10,Cyber Security,
Cyber Physical Systems,CYBERSEC,KEAM,76,3,Cyber Security,
"Information Technology and M.Tech (Information Technology) Spl. (Cyber Law and Information Security) (5 Years, Bachelor and Master of Technology (Dual Degree))",CYBERSEC,JoSAA,39,1,Cyber Security,
DAIRY TECHNOLOGY,DAIRYENG,GUJCET,2,1,Dairy Engineering,
DAIRYING,DAIRYENG,TG-EAPCET,22,1,Dairy Engineering,
Dairy Technology,DAIRYENG,AP-EAPCET; KEAM; WBJEE,185,6,Dairy Engineering,expanded from EAPCET code BDT (official course list)
Dairy Technology.,DAIRYENG,KEAM,107,4,Dairy Engineering,
BDS,DENTAL,NEET,2477,270,Dental,
BACHELOR OF DESIGN(INTERIOR DESIGN),DESIGN,KCET,1,1,Design,
Bachelor of Design,DESIGN,TNEA,3,2,Design,
COMMUNICATIO N DESIGN,DESIGN,CollegeFees,1,1,Design,
COMMUNICATION DESIGN,DESIGN,KCET,1,1,Design,
"Design (4 Years, Bachelor of Technology)",DESIGN,JoSAA,48,1,Design,
"Design Engineering (4 Years, Bachelor of Technology)",DESIGN,JoSAA,36,1,Design,
Game Design Technology,DESIGN,AP-EAPCET,18,1,Design,expanded from EAPCET code GDT (official course list)
Interior Design,DESIGN,TNEA,9,2,Design,
SOUND RECORDING AND SOUND DESIGN,DESIGN,OJEE,1,1,Design,
"Economics (5 Years, Integrated Master of Science)",ECON,JoSAA,250,1,Economics,
B TECH IN ELECTRICAL & ELECTRONICS ENGINEERING,ELEC,CollegeFees; KCET,89,10,Electrical / Electronics / Communications Engineering,
B. Tech in Electrical Engineering & M.Tech in Power System Engineering (5 year Integrated UG,ELEC,OJEE,3,1,Electrical / Electronics / Communications Engineering,
ELECTRICAL & ELECTRONICS ENGINEERING,ELEC,CollegeFees; KCET,817,106,Electrical / Electronics / Communications Engineering,
ELECTRICAL ENGINEERING (SUSTAINABLE ENERGY ENGINEERING),ELEC,GUJCET,1,1,Electrical / Electronics / Communications Engineering,
Electrical & Electronics Engineering,ELEC,WBJEE,97,11,Electrical / Electronics / Communications Engineering,
"Electrical Engineering (Integrated Circuit Design and Technology) (4 Years, Bachelor of Technology)",ELEC,JoSAA,49,1,Electrical / Electronics / Communications Engineering,
"Electrical Engineering and M.Tech Control and Automation (5 Years, Bachelor and Master of Technology (Dual Degree))",ELEC,JoSAA,36,1,Electrical / Electronics / Communications Engineering,
"Electrical Engineering and M.Tech Electronic Systems and Communications (5 Years, Bachelor and Master of Technology (Dual Degree))",ELEC,JoSAA,48,1,Electrical / Electronics / Communications Engineering,
"Electrical Engineering and M.Tech Power Electronics and Drives (5 Years, Bachelor and Master of Technology (Dual Degree))",ELEC,JoSAA,327,2,Electrical / Electronics / Communications Engineering,
"Electrical Engineering with M.Tech. in Communications and Signal Processing (5 Years, Bachelor and Master of Technology (Dual Degree))",ELEC,JoSAA,121,1,Electrical / Electronics / Communications Engineering,
"Electrical Engineering with M.Tech. in Microelectronics (5 Years, Bachelor and Master of Technology (Dual Degree))",ELEC,JoSAA,114,1,Electrical / Electronics / Communications Engineering,
"Electrical Engineering with M.Tech. in any of the listed specializations (5 Years, Bachelor and Master of Technology (Dual Degree))",ELEC,JoSAA,400,1,Electrical / Electronics / Communications Engineering,
"Electrical and Instrumentation Engineering (4 Years, Bachelor of Technology)",ELEC,JoSAA,183,1,Electrical / Electronics / Communications Engineering,
"Electrical, Electronics and Power",ELEC,MHT-CET,26,1,Electrical / Electronics / Communications Engineering,
"Electronics and Electrical Communication Engineering with M.Tech. in any of the listed specializations (5 Years, Bachelor and Master of Technology (Dual Degree))",ELEC,JoSAA,482,1,Electrical / Electronics / Communications Engineering,
"Energy and Electrical Vehicle Engineering (4 Years, Bachelor of Technology)",ELEC,JoSAA,96,1,Electrical / Electronics / Communications Engineering,
B.TECH IN ELECTRICAL AND ELECTRONICS ENGINEERING(ELECTRICAL VEHICLE TECHNOLOGY),ELEC,KCET,1,1,Electrical / Electronics / Communications Engineering,
Applied Electronics & Instrumentation,ELEC,KEAM; OJEE,174,7,Electrical / Electronics / Communications Engineering,
Applied Electronics & Instrumentation Engineering/ Electronics & Instrumentation Engineering,ELEC,WBJEE,76,18,Electrical / Electronics / Communications Engineering,
Applied Electronics And Instrumentation Engineering,ELEC,WBJEE,190,12,Electrical / Electronics / Communications Engineering,
B.TECH IN ELECTRONICS ENGINEERING,ELEC,KCET,1,1,Electrical / Electronics / Communications Engineering,
ELECTRONICS & INSTRUMENTATI ON ENGINEERING,ELEC,CollegeFees,16,1,Electrical / Electronics / Communications Engineering,
ELECTRONICS & INSTRUMENTATION ENGINEERING,ELEC,GUJCET; KCET,30,3,Electrical / Electronics / Communications Engineering,
ELECTRONICS AND INSTRUMENTATI ON ENGINEERING,ELEC,CollegeFees,51,4,Electrical / Electronics / Communications Engineering,
ELECTRONICS AND INSTRUMENTATION ENGINEERING,ELEC,KCET; TG-EAPCET; TNEA,243,28,Electrical / Electronics / Communications Engineering,
ELECTRONICS AND TELEMATICS,ELEC,TG-EAPCET,11,1,Electrical / Electronics / Communications Engineering,
ELECTRONICS ENGINEERING(V LSI DESIGN & TECHNOLOGY),ELEC,CollegeFees,33,3,Electrical / Electronics / Communications Engineering,
Electronics & Biomedical Engg,ELEC,KEAM,15,1,Electrical / Electronics / Communications Engineering,
Electronics & Biomedical Engineering,ELEC,KEAM,27,1,Electrical / Electronics / Communications Engineering,
Electronics & Instrumentation,ELEC,KEAM,48,2,Electrical / Electronics / Communications Engineering,
Electronics & Instrumentation Engineering,ELEC,OJEE,11,4,Electrical / Electronics / Communications Engineering,
Electronics & Tele-Communication Engineering,ELEC,WBJEE,100,2,Electrical / Electronics / Communications Engineering,
Electronics And Instrumentation Engineering,ELEC,AP-EAPCET; WBJEE,170,10,Electrical / Electronics / Communications Engineering,expanded from EAPCET code EIE (official course list)
"Electronics System Engineering (4 Years, Bachelor of Technology)",ELEC,JoSAA,274,1,Electrical / Electronics / Communications Engineering,
Instrumentation & Electronics,ELEC,WBJEE,91,2,Electrical / Electronics / Communications Engineering,
Instrumentation Engineering/Instrumentation & Electronics Engineering,ELEC,WBJEE,43,4,Electrical / Electronics / Communications Engineering,
MEDICAL ELECTRONICS ENGINEERING,ELEC,CollegeFees; KCET; TNEA,71,10,Electrical / Electronics / Communications Engineering,
Optics & Optoelectronics,ELEC,WBJEE,81,2,Electrical / Electronics / Communications Engineering,
POWER ELECTRONICS,ELEC,GUJCET,5,1,Electrical / Electronics / Communications Engineering,
B TECH IN ELECTRONICS & COMMUNICATIO N ENGINEERING,ELEC,CollegeFees,20,1,Electrical / Electronics / Communications Engineering,
B TECH IN ELECTRONICS & COMMUNICATION ENGINEERING,ELEC,KCET,202,16,Electrical / Electronics / Communications Engineering,
B. Tech in Electronics & Communication Engineering & M.Tech in Signal Processing & Commu,ELEC,OJEE,3,1,Electrical / Electronics / Communications Engineering,
"B. Tech in Electronics and Communication Engineering with minor in Wearable Electronics (4 Years, Bachelor of Technology)",ELEC,JoSAA,37,1,Electrical / Electronics / Communications Engineering,
"B. Tech. Electronics and Communication Engineering and M. Tech. Electronics and Communication Engineering with specialization in Communication Systems Design (5 Years, Bachelor and Master of Technology (Dual Degree))",ELEC,JoSAA,79,1,Electrical / Electronics / Communications Engineering,
"B. Tech. Electronics and Communication Engineering and M. Tech. Electronics and Communication Engineering with specialization in VLSI Design (5 Years, Bachelor and Master of Technology (Dual Degree))",ELEC,JoSAA,70,1,Electrical / Electronics / Communications Engineering,
B.TECH IN ELECTRONICS ENGINEERING(VLSI AND EMBEDDED SYSTEM),ELEC,KCET,1,1,Electrical / Electronics / Communications Engineering,
B.TECH IN EMBEDDED SYSTEM AND VLSI,ELEC,KCET,6,1,Electrical / Electronics / Communications Engineering,
B.TECH IN VLSI,ELEC,KCET,8,1,Electrical / Electronics / Communications Engineering,
"B.Tech. (Electronics and Communication Engineering) - MBA (5 Years, Bachelor of Technology and MBA (Dual Degree))",ELEC,JoSAA,25,1,Electrical / Electronics / Communications Engineering,
"B.Tech. in Electronics and Communication Engineering and M.Tech. in Microelectronics and VLSI Systems (5 Years, Bachelor and Master of Technology (Dual Degree))",ELEC,JoSAA,54,1,Electrical / Electronics / Communications Engineering,
BTECH IN ELECTRONICS ENGINEERING(VLSI DESIGN & TECHNOLOGY),ELEC,KCET,13,1,Electrical / Electronics / Communications Engineering,
ELECTRONICS & COMMUNICATION ENGINEERING,ELEC,GUJCET,171,45,Electrical / Electronics / Communications Engineering,
ELECTRONICS & COMMUNICATION ENGINEERING (VLSI DESIGN AND TECHNOLOGY),ELEC,GUJCET,5,3,Electrical / Electronics / Communications Engineering,
ELECTRONICS & COMMUNICATION ENGINEERING(INDUSTRIAL INTEGTATED),ELEC,KCET,1,1,Electrical / Electronics / Communications Engineering,
ELECTRONICS AND COMMUNICATIO N (ADVANCED COMMUNICATIO N TECHNOLOGY),ELEC,CollegeFees,12,1,Electrical / Electronics / Communications Engineering,
ELECTRONICS AND COMMUNICATIO N ENGG,ELEC,CollegeFees,310,24,Electrical / Electronics / Communications Engineering,
ELECTRONICS AND COMMUNICATION ENGINEERING,ELEC,KCET; TG-EAPCET; TNEA,6372,718,Electrical / Electronics / Communications Engineering,
ELECTRONICS AND COMMUNICATION ENGINEERING (BIO-MEDICAL ENGINEERING),ELEC,MHT-CET,19,1,Electrical / Electronics / Communications Engineering,
ELECTRONICS AND COMMUNICATION ENGINEERING(VLSI DESIGN AND TECHNOLOGY),ELEC,KCET,21,2,Electrical / Electronics / Communications Engineering,
ELECTRONICS AND COMMUNICATION(ADVANCED COMMUNICATION TECHNOLOGY),ELEC,KCET,14,1,Electrical / Electronics / Communications Engineering,
ELECTRONICS AND TELECOMMUNIC ATION ENGINEERING,ELEC,CollegeFees,88,7,Electrical / Electronics / Communications Engineering,
ELECTRONICS AND TELECOMMUNICATION ENGINEERING,ELEC,KCET,106,9,Electrical / Electronics / Communications Engineering,
ELECTRONICS COMMUNICATION AND INSTRUMENTATION ENGINEERING,ELEC,TG-EAPCET,22,1,Electrical / Electronics / Communications Engineering,
ELECTRONICS ENGINEERING (VLSI DESIGN AND TECHNOLOGY),ELEC,GUJCET; TG-EAPCET; WBJEE,201,13,Electrical / Electronics / Communications Engineering,
ELECTRONICS ENGINEERING(VLSI DESIGN & TECHNOLOGY),ELEC,KCET,55,9,Electrical / Electronics / Communications Engineering,
Electronics & Communication,ELEC,KEAM,1050,97,Electrical / Electronics / Communications Engineering,
Electronics & Communication Engineering,ELEC,OJEE; WBJEE,1871,151,Electrical / Electronics / Communications Engineering,
"Electronics & Communication Engineering (5 Years, B.Tech. + M.Tech./MS (Dual Degree))",ELEC,JoSAA,125,1,Electrical / Electronics / Communications Engineering,
Electronics & Communication Engineering (Industry Integrated),ELEC,WBJEE,3,1,Electrical / Electronics / Communications Engineering,
Electronics & Communication Engineering (Vlsi Design),ELEC,WBJEE,3,1,Electrical / Electronics / Communications Engineering,
Electronics & Communication Engineering/Electronics & Telecommunication Engineering,ELEC,WBJEE,378,92,Electrical / Electronics / Communications Engineering,
Electronics & Telecommunication Engineering,ELEC,MHT-CET; OJEE,74,23,Electrical / Electronics / Communications Engineering,
Electronics And Communication Engineering,ELEC,AP-EAPCET,4218,213,Electrical / Electronics / Communications Engineering,expanded from EAPCET code ECE (official course list)
Electronics And Communication Engineering (Bio Medical Engg.),ELEC,AP-EAPCET,4,1,Electrical / Electronics / Communications Engineering,expanded from EAPCET code EBM (official course list)
Electronics And Communication Engineering (Industry Integrated),ELEC,AP-EAPCET,56,2,Electrical / Electronics / Communications Engineering,expanded from EAPCET code EII (official course list)
Electronics And Communication Engineering - Embedded Systems,ELEC,AP-EAPCET,36,1,Electrical / Electronics / Communications Engineering,expanded from EAPCET code ECES (official course list)
Electronics And Communication Engineering - Vlsi Design,ELEC,AP-EAPCET,36,1,Electrical / Electronics / Communications Engineering,expanded from EAPCET code ECV (official course list)
Electronics And Communication Technology,ELEC,AP-EAPCET,20,1,Electrical / Electronics / Communications Engineering,expanded from EAPCET code ECT (official course list)
Electronics Engineering ( VLSI Design and Technology),ELEC,MHT-CET,216,11,Electrical / Electronics / Communications Engineering,
Electronics Engineering (VLSI Design & Technology),ELEC,KEAM,95,6,Electrical / Electronics / Communications Engineering,
Electronics Engineering (VLSI Design and Technology),ELEC,OJEE; TNEA,134,28,Electrical / Electronics / Communications Engineering,
Electronics Engineering (Vlsi Design And Technology),ELEC,AP-EAPCET,74,4,Electrical / Electronics / Communications Engineering,expanded from EAPCET code EVT (official course list)
Electronics and Communication (Advanced Communication Technology),ELEC,MHT-CET; TNEA,33,6,Electrical / Electronics / Communications Engineering,
Electronics and Communication Engineering,ELEC,KEAM; MHT-CET,1811,112,Electrical / Electronics / Communications Engineering,
"Electronics and Communication Engineering (Under Flexible Academic Program) (4 Years, Bachelor of Technology)",ELEC,JoSAA,60,1,Electrical / Electronics / Communications Engineering,
"Electronics and Communication Engineering (VLSI Design) (4 Years, Bachelor of Technology)",ELEC,JoSAA,36,1,Electrical / Electronics / Communications Engineering,
"Electronics and Communication Engineering - Design and Manufacturing (4 Years, Bachelor of Technology)",ELEC,JoSAA,60,2,Electrical / Electronics / Communications Engineering,
"Electronics and Communication Engineering - Design and Manufacturing + M. Tech VLSI & Electronic System Design (5 Years, Bachelor and Master of Technology (Dual Degree))",ELEC,JoSAA,27,1,Electrical / Electronics / Communications Engineering,
"Electronics and Communication Engineering - Design and Manufacturing + M.Tech Signal Processing & Communication System Design (5 Years, Bachelor and Master of Technology (Dual Degree))",ELEC,JoSAA,24,1,Electrical / Electronics / Communications Engineering,
"Electronics and Communication Engineering and M.Tech (ECE) Spl. (Micro Electronics) (5 Years, Bachelor and Master of Technology (Dual Degree))",ELEC,JoSAA,39,1,Electrical / Electronics / Communications Engineering,
"Electronics and Communication Engineering and M.Tech Communication and Network (5 Years, Bachelor and Master of Technology (Dual Degree))",ELEC,JoSAA,36,1,Electrical / Electronics / Communications Engineering,
"Electronics and Communication Engineering and M.Tech. Bio-Medical Engineering (5 Years, Bachelor and Master of Technology (Dual Degree))",ELEC,JoSAA,39,1,Electrical / Electronics / Communications Engineering,
"Electronics and Communication Engineering with specialization in Design and Manufacturing + M. Tech - Signal Processing and Communication Systems Design (5 Years, Bachelor and Master of Technology (Dual Degree))",ELEC,JoSAA,28,1,Electrical / Electronics / Communications Engineering,
"Electronics and Communication Engineering with specialization in Design and Manufacturing + M. Tech - VLSI and Electronic Systems Design (5 Years, Bachelor and Master of Technology (Dual Degree))",ELEC,JoSAA,28,1,Electrical / Electronics / Communications Engineering,
Electronics and Communication(Advanced Communication Technology),ELEC,MHT-CET,93,4,Electrical / Electronics / Communications Engineering,
"Electronics and Instrumentation Engineering and M.Tech VLSI Design and Embedded (5 Years, Bachelor and Master of Technology (Dual Degree))",ELEC,JoSAA,36,1,Electrical / Electronics / Communications Engineering,
"Electronics and Telecommunication Engineering (5 Years, Bachelor and Master of Technology (Dual Degree))",ELEC,JoSAA,54,1,Electrical / Electronics / Communications Engineering,
"Abu Dhabi Campus - Energy Engineering (4 Years, Bachelor of Technology)",ENERGYENG,JoSAA,42,1,Energy Engineering,
B TECH IN ENERGY ENGINEERING,ENERGYENG,KCET,1,1,Energy Engineering,
"Energy Engineering with M.Tech. in Energy Systems Engineering (5 Years, Bachelor and Master of Technology (Dual Degree))",ENERGYENG,JoSAA,290,1,Energy Engineering,
Climate Change,ENVENG,GUJCET,1,1,Environmental Engineering,
ENVIRONMENTA L ENGINEERING,ENVENG,CollegeFees,11,1,Environmental Engineering,
ENVIRONMENTAL SCIENCE & TECHNOLOGY,ENVENG,GUJCET; TNEA,2,2,Environmental Engineering,
"Environmental Science and Engineering (5 Years, Bachelor and Master of Technology (Dual Degree))",ENVENG,JoSAA,291,1,Environmental Engineering,
"FIRE AND ENVIRONMENT, HEALTH, SAFETY ENGINEERING",ENVENG,GUJCET,2,1,Environmental Engineering,
"Biological Sciences (5 Years, Bachelor of Science and Master of Science (Dual Degree))",FISH,JoSAA,352,1,Fishery Science,
"Material Science (5 Years, Bachelor of Science and Master of Science (Dual Degree))",FISH,JoSAA,25,1,Fishery Science,
"Agricultural and Food Engineering with M.Tech. in any of the listed specializations (5 Years, Bachelor and Master of Technology (Dual Degree))",FOODENG,JoSAA,410,1,Food Engineering,
"B.Tech. (Food Engineering and Technology) - MBA (5 Years, Bachelor of Technology and MBA (Dual Degree))",FOODENG,JoSAA,18,1,Food Engineering,
FOOD ENGINEERING & TECHNOLOGY,FOODENG,GUJCET,1,1,Food Engineering,
FOOD PROCESSING TECHNOLOGY,FOODENG,GUJCET,2,1,Food Engineering,
"Food Technology (5 Years, Integrated Master of Science)",FOODENG,JoSAA,97,1,Food Engineering,
"Applied Geology (5 Years, Integrated Master of Science)",GEO,JoSAA,217,1,Geology / Geophysics / Geological Technology,
INSTRUMENTATION & CONTROL ENGINEERING,INSTRENG,GUJCET,36,7,Instrumentation Engineering,
Instrumentation & Control Engg.,INSTRENG,KEAM,65,2,Instrumentation Engineering,
Instrumentation Engineering And Technology,INSTRENG,AP-EAPCET,20,1,Instrumentation Engineering,expanded from EAPCET code IST (official course list)
B.A. LL.B. (Hons.),LLB,CLAT,328,26,LLB,
B.B.A. LL.B. (Hons.),LLB,CLAT,90,8,LLB,
B.Com. LL.B. (Hons.),LLB,CLAT,15,1,LLB,
B.Sc. LL.B. (Hons.) Criminology and Forensic Science,LLB,CLAT,10,1,LLB,
Marine Engineering/Marine Technology,MARINE,WBJEE,10,1,Marine / Ocean Engineering,
Naval Arch. & Ship Building Engineering,MARINE,KEAM,32,2,Marine / Ocean Engineering,
"Applied Mathematics (5 Years, Integrated Master of Science)",MNC,JoSAA,226,1,Mathematics And Computing,
B TECH IN MATHAMATICS AND COMPUTING,MNC,KCET,8,1,Mathematics And Computing,
Integrated MSc in Mathematics and Computing,MNC,OJEE,3,1,Mathematics And Computing,
"Mathematics (5 Years, Bachelor of Science and Master of Science (Dual Degree))",MNC,JoSAA,146,1,Mathematics And Computing,
"Mathematics and Computing (5 Years, Integrated Master of Technology)",MNC,JoSAA,521,4,Mathematics And Computing,
B TECH IN MECHANICAL ENGINEERING,MECHENG,CollegeFees; KCET,62,9,Mechanical / Mechatronics Engineering ,
B. Tech in Mechanical Engineering & M.Tech in Machine Design (5 year integrated UG & PG),MECHENG,OJEE,3,1,Mechanical / Mechatronics Engineering ,
"B. Tech. Mechanical Engineering and M. Tech. Mechanical Engineering with specialization in Advanced Manufacturing (5 Years, Bachelor and Master of Technology (Dual Degree))",MECHENG,JoSAA,65,1,Mechanical / Mechatronics Engineering ,
"B. Tech. Mechanical Engineering and M. Tech. in Mechanical Engineering with specialization in Product Design (5 Years, Bachelor and Master of Technology (Dual Degree))",MECHENG,JoSAA,78,1,Mechanical / Mechatronics Engineering ,
B.TECH IN MECHANICAL AND AEROSPACE ENGINEERING,MECHENG,KCET,1,1,Mechanical / Mechatronics Engineering ,
"B.Tech. (Mechanical Engineering) - MBA (5 Years, Bachelor of Technology and MBA (Dual Degree))",MECHENG,JoSAA,19,1,Mechanical / Mechatronics Engineering ,
BTECH IN MECHANICAL AND SMART MANUFACTURING,MECHENG,KCET,1,1,Mechanical / Mechatronics Engineering ,
MECHANICAL (MECHTRONICS) ENGINEERING,MECHENG,TG-EAPCET,22,1,Mechanical / Mechatronics Engineering ,
MECHANICAL AND AUTOMATION ENGINEERING,MECHENG,TNEA,13,4,Mechanical / Mechatronics Engineering ,
MECHANICAL AND RAIL ENGINEERING,MECHENG,MHT-CET,23,1,Mechanical / Mechatronics Engineering ,
MECHANICAL AND SMART MANUFACTURING,MECHENG,KCET; OJEE,6,3,Mechanical / Mechatronics Engineering ,
MECHANICAL ENGINEERING (MANUFACTURING),MECHENG,TNEA,5,1,Mechanical / Mechatronics Engineering ,
MECHANICAL ENGINEERING (SUSTAINABLE ENERGY ENGINEERING),MECHENG,GUJCET,1,1,Mechanical / Mechatronics Engineering ,
MECHANICAL ENGINEERING (TAMIL MEDIUM),MECHENG,TNEA,57,13,Mechanical / Mechatronics Engineering ,
Mechanical (Automobile),MECHENG,KEAM,10,2,Mechanical / Mechatronics Engineering ,
Mechanical Automotive Design,MECHENG,AP-EAPCET,37,1,Mechanical / Mechatronics Engineering ,expanded from EAPCET code MAD (official course list)
Mechanical Engg. (Automobile),MECHENG,KEAM,22,2,Mechanical / Mechatronics Engineering ,
Mechanical Engineering (Automobile),MECHENG,AP-EAPCET; TNEA,47,3,Mechanical / Mechatronics Engineering ,expanded from EAPCET code MAU (official course list)
"Mechanical Engineering (D and M) and M.Tech (Advanced Manufacturing) (5 Years, Bachelor and Master of Technology (Dual Degree))",MECHENG,JoSAA,24,1,Mechanical / Mechatronics Engineering ,
"Mechanical Engineering (D and M) and M.Tech (Product Design) (5 Years, Bachelor and Master of Technology (Dual Degree))",MECHENG,JoSAA,24,1,Mechanical / Mechatronics Engineering ,
Mechanical Engineering (Industry Integrated),MECHENG,AP-EAPCET; KEAM,28,3,Mechanical / Mechatronics Engineering ,expanded from EAPCET code MII (official course list)
"Mechanical Engineering (Manuacturing Engineering) (4 Years, Bachelor of Technology)",MECHENG,JoSAA,90,1,Mechanical / Mechatronics Engineering ,
Mechanical Engineering (Robotics),MECHENG,AP-EAPCET,56,2,Mechanical / Mechatronics Engineering ,expanded from EAPCET code MRB (official course list)
"Mechanical Engineering (Welding Technology) (4 Years, Bachelor of Technology)",MECHENG,JoSAA,88,1,Mechanical / Mechatronics Engineering ,
Mechanical Engineering Automobile,MECHENG,MHT-CET,8,1,Mechanical / Mechatronics Engineering ,
"Mechanical Engineering and M. Tech. in Mechanical System Design (5 Years, Bachelor and Master of Technology (Dual Degree))",MECHENG,JoSAA,342,1,Mechanical / Mechatronics Engineering ,
"Mechanical Engineering and M. Tech. in Thermal Science & Engineering (5 Years, Bachelor and Master of Technology (Dual Degree))",MECHENG,JoSAA,342,1,Mechanical / Mechatronics Engineering ,
"Mechanical Engineering with M.Tech. in Manufacturing Engineering (5 Years, Bachelor and Master of Technology (Dual Degree))",MECHENG,JoSAA,297,1,Mechanical / Mechatronics Engineering ,
"Mechanical Engineering with M.Tech. in any of the listed specializations (5 Years, Bachelor and Master of Technology (Dual Degree))",MECHENG,JoSAA,431,1,Mechanical / Mechatronics Engineering ,
"Mechanical Engineering with specialization in Design and Manufacturing + M. Tech - Advanced Manufacturing (5 Years, Bachelor and Master of Technology (Dual Degree))",MECHENG,JoSAA,35,1,Mechanical / Mechatronics Engineering ,
"Mechanical Engineering with specialization in Design and Manufacturing + M. Tech - Product Design (5 Years, Bachelor and Master of Technology (Dual Degree))",MECHENG,JoSAA,28,1,Mechanical / Mechatronics Engineering ,
"Mechanical Engineering with specialization in Smart Manufacturing (4 Years, Bachelor of Technology)",MECHENG,JoSAA,29,1,Mechanical / Mechatronics Engineering ,
"Mechanical Engineering- Design and Manufacturing (4 Years, Bachelor of Technology)",MECHENG,JoSAA,54,2,Mechanical / Mechatronics Engineering ,
Mechanical and Automation Engineering,MECHENG,MHT-CET,4,1,Mechanical / Mechatronics Engineering ,
Mechanical and Smart Manufacturing,MECHENG,TNEA,7,1,Mechanical / Mechatronics Engineering ,
"Mechanical – Smart Manufacturing (4 Years, Bachelor of Technology)",MECHENG,JoSAA,30,1,Mechanical / Mechatronics Engineering ,
B TECH IN MECHATRONICS ENGINEERING,MECHENG,KCET,10,1,Mechanical / Mechatronics Engineering ,
MECHATRONICS,MECHENG,GUJCET; KCET; TNEA,17,7,Mechanical / Mechatronics Engineering ,
Mechanical & Mechatronics Engineering(Additive Manufacturing),MECHENG,OJEE,1,1,Mechanical / Mechatronics Engineering ,
Mechanical And Mechatronics Engineering (Additive Manufacturing),MECHENG,AP-EAPCET,36,1,Mechanical / Mechatronics Engineering ,expanded from EAPCET code MMM (official course list)
"Mechanical Engineering and M.Tech Mechatronics and Automation (5 Years, Bachelor and Master of Technology (Dual Degree))",MECHENG,JoSAA,42,1,Mechanical / Mechatronics Engineering ,
Mechanical and Mechatronics Engineering (Additive Manufacturing),MECHENG,MHT-CET; TNEA,53,5,Mechanical / Mechatronics Engineering ,
CERAMIC ENGINEERING AND TECHNOLOGY,CERAMIC,WBJEE,50,2,Ceramic Engineering,
CERAMIC TECHNOLOGY,CERAMIC,TNEA,7,1,Ceramic Engineering,
CERAMICS & CEMENT ENGINEERING,CERAMIC,KCET,1,1,Ceramic Engineering,
Ceramic Enginering And Technology,CERAMIC,WBJEE,41,2,Ceramic Engineering,
METALLURGICAL AND MATERIALS ENGINEERING,MEMS,GUJCET,5,1,Metallurgy Engineering And Material Science,
METALLURGICAL ENGINEERING,MEMS,TG-EAPCET; TNEA,42,4,Metallurgy Engineering And Material Science,
METALLURGY AND MATERIAL ENGINEERING,MEMS,TG-EAPCET,22,1,Metallurgy Engineering And Material Science,
"Materials Science and Technology (4 Years, Bachelor of Technology)",MEMS,JoSAA,54,1,Metallurgy Engineering And Material Science,
"Materials and Metallurgical Engineering (4 Years, Bachelor of Technology)",MEMS,JoSAA,74,1,Metallurgy Engineering And Material Science,
Metallurgical And Materials Engineering,MEMS,WBJEE,91,2,Metallurgy Engineering And Material Science,
Metallurgical And Materials Engineeringwith Tfw,MEMS,WBJEE,7,2,Metallurgy Engineering And Material Science,
Metallurgical Engineering,MEMS,AP-EAPCET; OJEE; WBJEE,134,9,Metallurgy Engineering And Material Science,expanded from EAPCET code MET (official course list)
"Metallurgical Engineering & Materials Science (5 Years, Bachelor and Master of Technology (Dual Degree))",MEMS,JoSAA,189,1,Metallurgy Engineering And Material Science,
"Metallurgical Engineering and Materials Science with M.Tech. in Ceramics and Composites (5 Years, Bachelor and Master of Technology (Dual Degree))",MEMS,JoSAA,107,1,Metallurgy Engineering And Material Science,
"Metallurgical Engineering and Materials Science with M.Tech. in Metallurgical Process Engineering (5 Years, Bachelor and Master of Technology (Dual Degree))",MEMS,JoSAA,94,1,Metallurgy Engineering And Material Science,
Metallurgical and Materials Engineering,MEMS,KEAM; OJEE,60,11,Metallurgy Engineering And Material Science,
"Metallurgical and Materials Engineering and M.Tech. in Materials Science and Engineering (5 Years, Bachelor and Master of Technology (Dual Degree))",MEMS,JoSAA,62,1,Metallurgy Engineering And Material Science,
"Metallurgy and Materials Engineering (5 Years, Bachelor and Master of Technology (Dual Degree))",MEMS,JoSAA,48,1,Metallurgy Engineering And Material Science,
"B.Tech Mining Engineering and MBA in Logistic and Supply Chain Management (IIM Mumbai) (5 Years, Integrated B. Tech. and MBA)",MININGENG,JoSAA,60,1,Mining Engineering,
Mineral Engineering,MININGENG,OJEE,4,2,Mining Engineering,
"Mineral Engineering (4 Years, Bachelor of Technology)",MININGENG,JoSAA,159,2,Mining Engineering,
Mining Engineeringwith Tfw,MININGENG,WBJEE,4,1,Mining Engineering,
"Mining Safety Engineering (5 Years, Bachelor and Master of Technology (Dual Degree))",MININGENG,JoSAA,335,1,Mining Engineering,
BSc Nursing,NURSING,NEET,65,9,Nursing,
B.Pharm/Pharmaceutical Technology,PHARMA,WBJEE,909,104,Pharmacy,
Bpharm,PHARMA,GUJCET,480,104,Pharmacy,
Dpharm,PHARMA,GUJCET,53,30,Pharmacy,
PHARMACEUTICAL TECHNOLOGY,PHARMA,TNEA,39,9,Pharmacy,
Pharm D ( Doctor of Pharmacy),PHARMA,MHT-CET,514,27,Pharmacy,
Pharm.D (Mpc Stream),PHARMA,AP-EAPCET,243,15,Pharmacy,expanded from EAPCET code PHD (official course list)
"Pharmaceutics (4 Years, Bachelor of Pharmaceutics)",PHARMA,JoSAA,24,1,Pharmacy,
"Pharmaceutics (5 Years, Bachelor and Master of Pharmaceutics(Dual Degree))",PHARMA,JoSAA,24,1,Pharmacy,
Pharmacy (Mpc Stream),PHARMA,AP-EAPCET,297,18,Pharmacy,expanded from EAPCET code PHM (official course list)
"Applied Geophysics (4 Years, Bachelor of Science)",PHYSICS,JoSAA,60,1,Physics,
"Engineering Physics (5 Years, Integrated Master of Technology)",PHYSICS,JoSAA,24,1,Physics,
"Engineering Physics and M.Tech. with specialization in Nano Science (5 Years, Bachelor and Master of Technology (Dual Degree))",PHYSICS,JoSAA,30,1,Physics,
"Exploration Geophysics (5 Years, Integrated Master of Science)",PHYSICS,JoSAA,204,1,Physics,
Integrated MSc in Applied Physics,PHYSICS,OJEE,3,1,Physics,
"Physical Science (5 Years, Integrated Bachelor of Science-Master of Science)",PHYSICS,JoSAA,48,1,Physics,
"Physics and Computational Engineering (4 Years, Bachelor of Technology)",PHYSICS,JoSAA,33,1,Physics,
B. PLAN,PLAN,OJEE,3,2,Planning,
B. PLANNING,PLAN,WBJEE,6,2,Planning,
B.PLAN,PLAN,KCET,1,1,Planning,
B.PLANNING,PLAN,TG-EAPCET,22,1,Planning,
B.Plan,PLAN,TNEA,7,1,Planning,
DIGITAL TECHNIQUES FOR DESIGN AND PLANNING,PLAN,TG-EAPCET,22,1,Planning,
Digital Techniques For Design And Planning,PLAN,AP-EAPCET,9,1,Planning,expanded from EAPCET code DTD (official course list)
Town Planning,PLAN,AP-EAPCET,18,1,Planning,expanded from EAPCET code PLG (official course list)
INDUSTRIAL & PRODUCTION ENGINEERING,INDENG,CollegeFees; KCET,29,4,Industrial / Manufacturing / Production Engineering,
INDUSTRIAL ENGINEERING & MANAGEMENT,INDENG,CollegeFees; KCET,124,10,Industrial / Manufacturing / Production Engineering,
INDUSTRIAL ENGINEERING AND MANAGEMENT,INDENG,TNEA,1,1,Industrial / Manufacturing / Production Engineering,
"Industrial Chemistry (5 Years, Integrated Master of Technology)",INDENG,JoSAA,24,1,Industrial / Manufacturing / Production Engineering,
"Industrial and Systems Engineering with M.Tech. in Industrial and Systems Engineering and Management (5 Years, Bachelor and Master of Technology (Dual Degree))",INDENG,JoSAA,355,1,Industrial / Manufacturing / Production Engineering,
Manufacturing Engineering & Technology,INDENG,OJEE,2,2,Industrial / Manufacturing / Production Engineering,
"Manufacturing Engineering (4 Years, Bachelor of Technology)",INDENG,JoSAA,138,1,Industrial / Manufacturing / Production Engineering,
"Manufacturing Science and Engineering with M.Tech. in Industrial and Systems Engineering and Management (5 Years, Bachelor and Master of Technology (Dual Degree))",INDENG,JoSAA,350,1,Industrial / Manufacturing / Production Engineering,
PRINTING & PACKAGING TECHNOLOGY,INDENG,WBJEE,18,2,Industrial / Manufacturing / Production Engineering,
PRINTING & PACKING TECHNOLOGY,INDENG,TNEA,6,1,Industrial / Manufacturing / Production Engineering,
Printing Engineering/Printing Technology,INDENG,WBJEE,23,2,Industrial / Manufacturing / Production Engineering,
Printing and Packing Technology,INDENG,MHT-CET,23,1,Industrial / Manufacturing / Production Engineering,
"Quality Engineering Design and Manufacturing (5 Years, Bachelor and Master of Technology (Dual Degree))",INDENG,JoSAA,205,1,Industrial / Manufacturing / Production Engineering,
B TECH IN ROBOTIC ENGINEERING,ROBOENG,KCET,1,1,Robotics Engineering,
B TECH IN ROBOTICS AND AUTOMATION,ROBOENG,KCET,10,1,Robotics Engineering,
B TECH IN ROBOTICS ENGINEERING,ROBOENG,KCET,13,1,Robotics Engineering,
Robotic Engineering,ROBOENG,WBJEE,5,1,Robotics Engineering,
Robotics & Automation,ROBOENG,KEAM,71,4,Robotics Engineering,
Robotics And Automation Engineering,ROBOENG,WBJEE,1,1,Robotics Engineering,
Robotics and Automation Engineering,ROBOENG,KEAM,57,5,Robotics Engineering,
Safety & Fire Engineering,SAFETYENG,KEAM,89,4,Safety Engineering,
APPAREL TECHNOLOGY,TEXTILE,TNEA,6,1,Textile Engineering,
Apparel & Production Management,TEXTILE,WBJEE,85,2,Textile Engineering,
FASHION TECHNOLOGY,TEXTILE,TNEA,32,9,Textile Engineering,
Fashion Technology,TEXTILE,MHT-CET,11,1,Textile Engineering,
HANDLOOM AND TEXTILE TECHNOLOGY,TEXTILE,TNEA,7,1,Textile Engineering,
SILK TECHNOLOGY,TEXTILE,CollegeFees; KCET,2,2,Textile Engineering,
TEXTILE TECHNOLOGY / TEXTILE ENGINEERING,TEXTILE,TG-EAPCET,44,2,Textile Engineering,
TEXTILES TECHNOLOGY,TEXTILE,CollegeFees; KCET,3,3,Textile Engineering,
Technical Textiles,TEXTILE,MHT-CET,12,1,Textile Engineering,
Textile Chemistry,TEXTILE,MHT-CET,18,1,Textile Engineering,
