url,institute_id,discipline,edition_year,edition_inferred,state,found_by,fetched_on,sha256,note
https://swarrnim.edu.in/nirf/SWARRNIM SCIENCE COLLEGE20260225-.pdf,IR-C-C-71911,College,2026,False,Gujarat,crawl,2026-10-09,41d4822be6ecee31bd3f33bdd788dec5d5fe9ad096b9f021910faadf499c6c4a,
https://www.ppsu.ac.in/downloads/College PPSU 2023-24.pdf,IR-C-U-0873,College,2025,False,Gujarat,crawl,2026-10-09,06fa903ae07790c59779a7ed5e53aac7fef041bc5d4748024c51068cb693fd8d,
https://www.ppsu.ac.in/downloads/P.P. Savani University 20260306 - (College).pdf,IR-C-U-0873,College,2026,False,Gujarat,crawl,2026-10-09,0d9af1e0663436c6b27ab8953eba1aaec0688bdf3e7e506d26d118d08111620e,
https://du-website.s3.ap-south-1.amazonaws.com/U01/Page/NIRF_DU_COLLEGE_2026.pdf,IR-C-U-1149,College,2026,False,Gujarat,crawl,2026-10-09,c6a5d9730204f85d10bb5e7d08f08ce9f451226647acb155705362247ad69629,
https://swarrnim.edu.in/nirf/VENUS INSTITUTE OF PHYSIOTHERAPY20260224-.pdf,IR-D-C-53278,Medical,2026,False,Gujarat,crawl,2026-10-09,d7c32a0a329ebf01edc844e57e316d7e44c68d2e9c9b0cab4195687c85178370,
https://swarrnim.edu.in/nirf/AARIHANT HOMOEOPATHIC MEDICAL COLLEGE AND RESEARCH INSTITUTE20260224-.pdf,IR-D-C-64165,Medical,2026,False,Gujarat,crawl,2026-10-09,59ed19cdf66351734e78b8ebbda01ae81686f1f47958431833dd9ab8c01a85af,
https://www.paruluniversity.ac.in/wp-content/uploads/2026/04/Medical-PARUL-UNIVERSITY-20240113.pdf,IR-D-U-0763,Medical,2024,False,Gujarat,crawl,2026-10-09,0ef5883908ddc0215812391699288644c37b19907daf0f6401842dd93cfddb38,
https://www.paruluniversity.ac.in/wp-content/uploads/2026/04/PARUL-UNIVERSITY-MEDICAL-IR-D-U-0763.pdf,IR-D-U-0763,Medical,2026,False,Gujarat,crawl,2026-10-09,be8efb74acc854ee13731598965d7ab004468140f2cbf42bd2d2f318f37d0687,
http://www.gecmodasa.ac.in/assets/data/NIRF/nirf2020E.pdf,IR-E-C-108,Engineering,2020,False,Gujarat,crawl,2026-10-09,0c4fead538af8bf92b7f7bb4cc35ef0fc829f993220253d78042a836ed7a4a34,
http://www.gecmodasa.ac.in/assets/data/NIRF/nirf2021E.pdf,IR-E-C-108,Engineering,2021,False,Gujarat,crawl,2026-10-09,3bf205a84b19f23644fd81210bf4d876e5f5b6871f469eaba47fdec12dd4e82a,
http://www.gecmodasa.ac.in/assets/data/NIRF/nirf2022E.pdf,IR-E-C-108,Engineering,2022,False,Gujarat,crawl,2026-10-09,7ae2fdccfcd0430b1ac6487009745483c7aaad6078aaa0994dd2655aec039492,
http://www.gecmodasa.ac.in/assets/data/NIRF/nirf2023E_2.pdf,IR-E-C-108,Engineering,2023,False,Gujarat,crawl,2026-10-09,ce3d1090c609a6d347698489a319fc10a03299a5f681e38a5f995be8af391a15,
http://www.gecmodasa.ac.in/assets/data/NIRF/nirf2024E_2.pdf,IR-E-C-108,Engineering,2024,False,Gujarat,crawl,2026-10-09,42fc0721fb3a52f4edc0c6aa4cacb42a86052342c7c29baeb7986bf3821c3f4e,
http://www.gecmodasa.ac.in/assets/data/NIRF/nirf-2025E.pdf,IR-E-C-108,Engineering,2025,False,Gujarat,crawl,2026-10-09,d1c9658e68be9d80439c5eaf6719d66b7629e92e7f1d04db986ba3971a6525f4,
http://www.gecv.ac.in/uploads/NIRF_Engineering.pdf,IR-E-C-135,Engineering,2022,False,Gujarat,crawl,2026-10-09,dbc3d59a7b6778f73fc0169cce21b523774d31442af6c8d915eff9daec59fe88,
http://www.gecv.ac.in/uploads/NIRF_2023.pdf,IR-E-C-135,Engineering,2023,False,Gujarat,crawl,2026-10-09,0919d1d8dafd03f0e38426c7cd3865228974e7b7b4e720b3fd6e43261331d9df,
http://www.gecv.ac.in/uploads/NIRF24_Engineering.pdf,IR-E-C-135,Engineering,2024,False,Gujarat,crawl,2026-10-09,4ea4362961e726e9d54ce3de5ed2b32075890a5835e1d962bf54348f10c650ef,
http://www.gecv.ac.in/uploads/NIRF25_Engineering.pdf,IR-E-C-135,Engineering,2025,False,Gujarat,crawl,2026-10-09,ec4588145b56190490958ff22eedf84381734cb8e9a55e7ffac347f5b7b5cb42,
http://www.gecv.ac.in/uploads/NIRF26_Engineering.pdf,IR-E-C-135,Engineering,2026,False,Gujarat,crawl,2026-10-09,746672bac3916812d3be5e700eb57c6a470eb8ec4efa175799d6da29d1c67f8d,
https://www.ldce.ac.in/upload/pdf/NIRF/LDCE028_NIRF2024engineering.pdf,IR-E-C-151,Engineering,2024,False,Gujarat,crawl,2026-10-09,54d3a5c4bbe0ff02a5e9f13fc3433b7605a771a3b17badc3d72fdb1693f3d681,
https://www.ldce.ac.in/upload/pdf/NIRF/LDCE028_NIRF2025engineering.pdf,IR-E-C-151,Engineering,2025,False,Gujarat,crawl,2026-10-09,8a5b9f08ef3f954e8e99ebd0dd903adba0d4c6a5d088d6cca8601fffeb8598ff,
https://www.adit.ac.in/assets/pdf/nirf/2025/report.pdf,IR-E-C-176,Engineering,2025,False,Gujarat,crawl,2026-10-09,ad14ec7c329f34742126c12ce8f86f10a82b599496c163c6dc25e112544f87f2,
"https://www.ldce.ac.in/upload/pdf/NIRF/L.D.College%20of%20Engineering,%20Ahmedabad%20028.20210224-.pdf",IR-E-C-212,Engineering,2026,False,Gujarat,crawl,2026-10-09,eeaf31c540add1d1e0ba5f6ac6523ce5154b3cdb3f14c2118673aa1b5a8b0ab8,
https://www.mbit.edu.in/wp-content/uploads/2026/09/Madhuben-and-Bhanubhai-Patel-Institute-of-Technology20210127-.pdf,IR-E-C-224,Engineering,2021,False,Gujarat,crawl,2026-10-09,ba25cfbc43619928cf3a5a3ea7f7a46ebc44ad19aec4553a72fa1f6e2099d533,
https://www.mbit.edu.in/wp-content/uploads/2026/09/Madhuben-and-Bhanubhai-Patel-Institute-of-Technology20220201-.pdf,IR-E-C-224,Engineering,2022,False,Gujarat,crawl,2026-10-09,8a0eb1eb9516a19a369894fd9f22d811ebb072114dd2f61d54383da45c338f4e,
https://www.mbit.edu.in/wp-content/uploads/2026/09/Madhuben-and-Bhanubhai-Patel-Institute-of-Technology20230104-.pdf,IR-E-C-224,Engineering,2023,False,Gujarat,crawl,2026-10-09,bd6179350c0a7df331004cec5707280426d4bc99f8445191b8c0f258f00a209a,
https://www.mbit.edu.in/wp-content/uploads/2026/09/Final_Madhuben-and-Bhanubhai-Patel-Institute-of-Technology2024.pdf,IR-E-C-224,Engineering,2024,False,Gujarat,crawl,2026-10-09,acd9d0dc1a93ae281311746ce25e33735597b82afef6697fde34cc410c2cab1a,
https://www.mbit.edu.in/wp-content/uploads/2025/02/Madhuben-and-Bhanubhai-Patel-Institute-of-Technology20250110-.pdf,IR-E-C-224,Engineering,2025,False,Gujarat,crawl,2026-10-09,d443e4b7556d84396849ce9512989f39574ede795f81ffcdc9162c8fa3827fc8,
http://www.gecg28.ac.in/uploads/news//NIRF25_Government_Engineering_College20250117.pdf,IR-E-C-309,Engineering,2025,False,Gujarat,crawl,2026-10-09,33b819cbd33045d888e513d526979677153615733e0da8773ec839cd402289a7,
http://www.gecdahod.ac.in/NIRF/NIRF_ENGG_Report_2025.pdf,IR-E-C-359,Engineering,2025,False,Gujarat,crawl,2026-10-09,57b74859180ed8722317e114fd0f598754f2d34fb97372b7e0d14a7932d0bc34,
http://www.gecdahod.ac.in/NIRF/NIRF_ENGG_Report_2026.pdf,IR-E-C-359,Engineering,2026,False,Gujarat,crawl,2026-10-09,4badc914f09e85d0069e59650f58d51059f2381123b976989e54aacc7a2179cf,
https://spcevng.ac.in/wp-content/uploads/2025/02/FULL-PDF-To-be-uploaded_SANKALCHAND-PATEL-COLLEGE-OF-ENGINEERING-VISNAGAR20250214-.pdf,IR-E-C-381,Engineering,2025,False,Gujarat,crawl,2026-10-09,39d4d9a16235be8cf68d50ec2815db5df04a7dac82a7cdf8f0085983a39cad22,
https://spcevng.ac.in/wp-content/uploads/2026/05/SANKALCHAND-PATEL-COLLEGE-OF-ENGINEERING-VISNAGAR20260225-.pdf,IR-E-C-381,Engineering,2026,False,Gujarat,crawl,2026-10-09,25bb325ba1aec35cde1bdbd55342df82495c2dee71e1170e7e5c6d6ac5ba18c8,
https://www.vgecg.ac.in/uploads/nirf/NIRF_2020-21.pdf,IR-E-C-382,Engineering,2021,False,Gujarat,crawl,2026-10-09,4b246cccfbc06a0845f60df9d6a94acb657f691559d4d42ad06d03cd83bbb934,
https://www.vgecg.ac.in/uploads/nirf/NIRF_2021.pdf,IR-E-C-382,Engineering,2022,False,Gujarat,crawl,2026-10-09,4f6642b203da3aec9c99ecaa07f461d33bec311430f115df6b220715cbfea8d7,
https://www.vgecg.ac.in/uploads/nirf/VGEC_NIRF_2024.pdf,IR-E-C-382,Engineering,2024,False,Gujarat,crawl,2026-10-09,2fb35c45436a2864d529a06a925c5d5c2a83b38d91a25b6756c61af2b9e7f201,
https://www.vgecg.ac.in/uploads/nirf/NIRF 2025.pdf,IR-E-C-382,Engineering,2025,False,Gujarat,crawl,2026-10-09,b6369b713dfa3e20818b6b687bec04505540f9e85e0937a8ad598a4150495a15,
https://www.vgecg.ac.in/uploads/nirf/NIRF 2026.pdf,IR-E-C-382,Engineering,2026,False,Gujarat,crawl,2026-10-09,b6c8b0cbc256dc6827eed48c075c5b8a935a8d0c88da7ded6c241758f69ab8a4,
https://swarrnim.edu.in/nirf/Swarrnim Institute of Technology (SIT)20260225-.pdf,IR-E-C-47,Engineering,2026,False,Gujarat,crawl,2026-10-09,c9324d6781e9dcc9212a2a3e26577fede180494696785c9f1d24493da38b90bc,
https://www.paruluniversity.ac.in/wp-content/uploads/2026/04/PARUL-UNIVERSITY-ENGINEERING-IR-E-U-0763.pdf,IR-E-U-0763,Engineering,2026,False,Gujarat,crawl,2026-10-09,e90744fe6288b4cb82f0076d739021611a8d7c766b830c8d154b4b32b642d3e7,
https://www.ppsu.ac.in/downloads/Engg PPSU 2023-24.pdf,IR-E-U-0873,Engineering,2025,False,Gujarat,crawl,2026-10-09,e8b2acfaa0b1b6c6b0c27be9f9d868b551f6c424a1d7d924ac45e6f0e8f9459c,
https://www.ppsu.ac.in/downloads/P.P. Savani University 20260309 - (Engineering).pdf,IR-E-U-0873,Engineering,2026,False,Gujarat,crawl,2026-10-09,ddce48aa0dbe5390a525e6894ed23e14254c178ef05c459a9984e3e9e45da48f,
https://gokuluniversity.ac.in/Documents/nirf/NIRF_Engineering.pdf,IR-E-U-0962,Engineering,2026,False,Gujarat,crawl,2026-10-09,ed55c6736743a1f966febf492e3ae41b4433f812233aa2b8617dd6c35cd1a195,
https://du-website.s3.ap-south-1.amazonaws.com/U01/Page/NIRF_DU_ENGG_2026.pdf,IR-E-U-1149,Engineering,2026,False,Gujarat,crawl,2026-10-09,cc8860f5bc2161a101bcc0cc23c4cef5d814eaed352e33b163ce9d14a45958d7,
https://cdn.canaracollege.com/wp-content/uploads/2025/01/01123934/NIRF-2025-College.pdf,IR-C-C-16934,College,2025,False,Karnataka,prototype,2026-10-08,f841f0d8500b603fd7533608ee4bccb11925c38892e5d53deb3f9c0da9028b11,
https://www.bgsit.ac.in/img1/nirf/BGS_Institute_of_Technology_NIRF_2024.pdf,IR-E-C-1243,Engineering,2024,False,Karnataka,prototype,2026-10-08,3b2d29e4d5f63ae8bcfede0035b54d2ac122dda6441ca0f53126c37c449a5d10,
https://mvjce.edu.in/wp-content/uploads/2025/02/MVJ-College-of-Engineering20250214-.pdf,IR-E-C-1249,Engineering,2025,False,Karnataka,prototype,2026-10-08,f11ea38ed96c148f6b11a25a4da262c98eb6be5d72b58b3c657628ce049d8879,
https://gat.ac.in/downloads/NIRF-2025-Engineering.pdf,IR-E-C-1253,Engineering,2025,False,Karnataka,prototype,2026-10-08,09c7e8e5ecae24abc30fe21d33f2616d111b3a68cbbb20ca03028b3117d2cbb6,
http://sjmit.ac.in/wp-content/uploads/2025/02/S-J-M-Institute-of-Technology-CHITRADURGA20250120-.pdf,IR-E-C-1266,Engineering,2025,False,Karnataka,prototype,2026-10-08,9521e1c564b864a02b07256ff5588a1b64c10d0e5d8c10cca896748698697510,
https://www.rljit.in/assets/pdf/mandatory_disclosures/nirf/R%20L%20Jalappa%20Institute%20of%20Technology%2C%20DODDABALLAPURA20240318-.pdf,IR-E-C-1275,Engineering,2024,False,Karnataka,prototype,2026-10-08,41737a12abe00d0614743613726f21a0e82baa5a427318105336e80dee32533e,
https://shrideviengineering.org/wp-content/uploads/2024/05/nirf-siet.pdf,IR-E-C-1279,Engineering,2024,False,Karnataka,prototype,2026-10-08,c358c16116b79604754e974dac5a9d0904329014d8b67ca2b6a9bd7319a4dbc5,
https://kctengineering.edu.in/wp-content/uploads/2025/02/K-C-T-Engineering-College-GULBARGA20250216-1.pdf,IR-E-C-1280,Engineering,2025,False,Karnataka,prototype,2026-10-08,c524c9ca08afb71e731ebd786a6a3dfcd21893b2c0419c6bd3f815c8f53f339e,
https://www.ksit.ac.in/img/banner/NIRF_Engineering_Innovation_2025.pdf,IR-E-C-1283,Engineering,2025,False,Karnataka,prototype,2026-10-08,35787472f353f6ad57f524585ba922da8f650cf4d2c95c5472145ed58b17f8c2,
https://jce.ac.in/images/nirf/JainCollegeofEngineeringBELGAUM20250210_engg.pdf,IR-E-C-1306,Engineering,2025,False,Karnataka,prototype,2026-10-08,7befbbe18ad9e487b0472d73f5da44aabc76ec984e66290d360647721662f6ff,
https://www.bldeacet.ac.in/assets/img/NIRF-2023-B.L.D.E.A-VP-Dr-PG-Halakatti-College-of-Engg-Tech-Vijayapura.pdf,IR-E-C-1310,Engineering,2023,False,Karnataka,prototype,2026-10-08,fda75664e5dc93fea07fb9af8cdb746999a212b3de3d3f629601e42924c664d4,
http://www.agmrcet.ac.in/docs/agmrcet_nirf.pdf,IR-E-C-1316,Engineering,2025,False,Karnataka,crawl,2026-10-08,561704550788a03b7cacf2b137b82db00cecb0cf1dd68b1d4acf946c5137f7fe,
https://www.canaraengineering.in/download/NIRF/NIRF sumbitted report_2024_CEC_IR-E-C-1323.pdf,IR-E-C-1323,Engineering,2024,False,Karnataka,prototype,2026-10-08,a816e876993fa83d4d84e53545582d180bfad67e5deb108b874a6b23b6ef0e5a,
http://agadiengcollege.com/wp-content/uploads/2024/03/Smt.-Kamala-Vekappa-M-Agadi-College-of-Engg.-Technology-Lakshmeshwara20240304-1.pdf,IR-E-C-1324,Engineering,2024,False,Karnataka,prototype,2026-10-08,16fd9379e4c6aee49876c7ef6ad7d0ac5272e70d68ed2306494df08611f778df,
http://rithassan.ac.in/wp-content/uploads/2025/02/NIRF-2.pdf,IR-E-C-1338,Engineering,2025,False,Karnataka,prototype,2026-10-08,8151eed3746daedc11fc026c8c31138db50a91e0fbee812064f430b4324e04f6,
http://www.ubdtce.org/images/about/NIRF2024.pdf,IR-E-C-1366,Engineering,2024,False,Karnataka,crawl,2026-10-08,814acda80d1bed1afdd6b88434c558f2c27fa3040cb7774eada13234b24e0100,
http://www.ubdtce.org/images/about/NIRF-2015.pdf,IR-E-C-1366,Engineering,2025,False,Karnataka,crawl,2026-10-08,8088374fe9806095f6f9c1f2d124f6f607d62c4f357695024343faebbf0d70c7,
http://www.ubdtce.org/NIRF_DOC/NIRF_2026.pdf,IR-E-C-1366,Engineering,2026,False,Karnataka,crawl,2026-10-08,bec05254e846a885f28b06cf648942f93f19c9b7dd901d1ef77bc2c8a1f52c67,
https://www.gmit.ac.in/pdfs/NIRF/1-NIRF 2025 Engineering.pdf,IR-E-C-1374,Engineering,2025,False,Karnataka,prototype,2026-10-08,db84925aa6124573616aaa37797c6abd58d0fd776e6727244e112a08265520cb,
https://www.drttit.edu.in/Images/Downloads/NIRF/NIRF-Engineering-2025.pdf,IR-E-C-1379,Engineering,2025,False,Karnataka,prototype,2026-10-08,dad07b74e48990b679d0442877e808bbe28bc6ec24ab3c95ffe5d3060a8e9f90,
http://sairamce.edu.in/wp-content/uploads/2018/01/Sri-Sairam-College-of-Engineering20250131-.pdf,IR-E-C-1391,Engineering,2025,False,Karnataka,prototype,2026-10-08,460a0417ea878dd6186104e83d13d409d828f1b0acc8258b0ccdf0e31b247a41,
https://mite.ac.in/wp-content/uploads/2025/02/MITE_NIRF_Engineering_2025.pdf,IR-E-C-1402,Engineering,2025,False,Karnataka,prototype,2026-10-08,9b2501eecd40da7df5904801df367067dab979aa394617dd1d86dc9b5f7abc10,
https://www.rrce.org/rrce/wp-content/uploads/2025/01/1.-NIRF_RRCE_ENGINEERING.pdf,IR-E-C-1404,Engineering,2025,False,Karnataka,prototype,2026-10-08,3b89fc66f79f7bb90c0ff906cac4f0baf0dd67f9cd84618f1eb73989fd2b4a51,
https://sambhramit.com/wp-content/uploads/2025/02/NIRF-2025-ENGINEERING-RANKING-Sambhram-Institute-of-Technology20250131.pdf,IR-E-C-1424,Engineering,2025,False,Karnataka,prototype,2026-10-08,e8a319cbfbae1446a1e00dfc4f599ecd88d55114b2b317d9a9453f470b0320ce,
https://www.acsce.edu.in/acsce/wp-content/uploads/2025/01/Data-Capturing-System-Engineering-2025.pdf,IR-E-C-1440,Engineering,2025,False,Karnataka,prototype,2026-10-08,83fdea8e92780152c57c420b040b6fd5f4131a5326a963b10a893dd9c669d291,
https://jyothyit.ac.in/wp-content/uploads/2025/01/JIT-NIRF_2025.pdf,IR-E-C-45308,Engineering,2025,False,Karnataka,prototype,2026-10-08,61906f92ba7f6043e2f60e8b8609ab4924c4a19f8ce77aa0145de31d329ea8fc,
https://jssateb.ac.in/assets/NIRF-JSS-ACADEMY-OF-TECHNICAL-EDUCATION-2024.pdf,IR-E-C-51958,Engineering,2024,False,Karnataka,prototype,2026-10-08,3686a765fde0426051a9ea82376aab30ca2a7dffd3f5557a6a5d1a47ff26afe8,
https://www.ajiet.edu.in/img/nirf-2025-26/nirf-2026-Engg.pdf,IR-E-C-56446,Engineering,2026,False,Karnataka,prototype,2026-10-08,8c487444c700d2f71665008440e299b4d9f37674c2f5837417b03bbd87ad2b95,
https://sdmit.in/wp-content/uploads/2025/04/NIRF-2025-SDMIT.pdf,IR-E-I-1019,Engineering,2025,False,Karnataka,prototype,2026-10-08,cb26dd3bdb4b1422018f1eb727ad73bbf1d0e2277ed69b4f9b9594f50825f259,
https://sjec.ac.in/storage/files/documents/dynamic-pages/nirf/Engineering Report MHRD-NIRF(2023-24).pdf,IR-E-I-1354,Engineering,2025,False,Karnataka,prototype,2026-10-08,6a5df7a773dcc78f19346e0376ca9ce67f2664339f30e298992991eb9e88220e,
https://smvceraichur.com/files/NIRF%202024_UG.pdf,IR-E-I-1483,Engineering,2024,False,Karnataka,prototype,2026-10-08,40c6c2324817752cbc77af740f7fc280927e868929a2aa3879e99fe4e298fdc2,
https://iiitdwd.ac.in/docs/NIRF_Engineering_Report_2023.pdf,IR-E-U-0803,Engineering,2023,False,Karnataka,crawl,2026-10-08,673a6587a8dc8e494c4493609bdd3225d439df1c1df0c2aa9f815be66f273c5a,
https://presidencyuniversity.in/assets/PDF/nirf-2024-engineering.pdf,IR-E-U-0876,Engineering,2024,False,Karnataka,prototype,2026-10-08,76ca2eadf9f0e0d2a7c548ad9fd64fe97bc13eec2748e93b47a9e1ba8fe409e5,
https://uvce.ac.in/files/UVCE_NIRF_2026_Engg.pdf,IR-E-U-1288,Engineering,2026,False,Karnataka,crawl,2026-10-08,e5c28205d7b58e2886ee8029582990adf8293487c43fb0f79d931350914cbadf,
https://bangaloreuniversity.karnataka.gov.in/uploads/media_to_upload1776244717.pdf,IR-L-U-0215,Law,2026,False,Karnataka,crawl,2026-10-08,ec9df51da8b9b2cf28935a9cbb443aa0deb55b1a9546f23709d4638e3401a342,
https://www.satiengg.in/images/AICTE_NBA_NAAC_IQAC_WORK/NIRF/SATI-NIRF-2021.pdf,IR-E-C-35965,Engineering,2021,False,Madhya Pradesh,search,2026-10-08,b5fe60a27edec97abddf3559c183d43be11080303c0dbd100b76677908a4f96a,
https://www.satiengg.in/images/AICTE_NBA_NAAC_IQAC_WORK/NIRF/SATI-NIRF-2022.pdf,IR-E-C-35965,Engineering,2022,False,Madhya Pradesh,search,2026-10-08,5dc8ed4ae87eb347f1b12892376829ad9e9d30c14c2723ed2ad85fb2092a62a4,
https://www.satiengg.in/images/AICTE_NBA_NAAC_IQAC_WORK/NIRF/SATI-NIRF-2023.pdf,IR-E-C-35965,Engineering,2023,True,Madhya Pradesh,search,2026-10-08,a945324dd19e56aecec116c536ab9c9ec8d260b21e2d8e0f8f10cee18832ae8d,
https://rjit.ac.in/uploads/nirf25.pdf,IR-E-C-36033,Engineering,2025,False,Madhya Pradesh,search,2026-10-08,b96ff1dca9e281f54b78146d629ed04275efc0ea3e472d4c3bde85f72b278a72,
https://www.uecu.ac.in/images/College_Notice_/NIRF.pdf,IR-E-C-36192,Engineering,2024,False,Madhya Pradesh,crawl,2026-10-08,1d1944f2e363d27a2fe2529fe44ac97d2c336a39d2f1a9e6e38842b58bde3268,
https://www.uecu.ac.in/images/NIRF_DATA/NIRF_2025.pdf,IR-E-C-36192,Engineering,2025,False,Madhya Pradesh,crawl,2026-10-08,6f674c020434849fff39efc9ea1e5854c88e60b99482ec31288d097750b22a87,
https://www.uecu.ac.in/images/2026/NIRF_DATA_2026/NIRF_2026.pdf,IR-E-C-36192,Engineering,2026,False,Madhya Pradesh,crawl,2026-10-08,252bc6d3cc355e303dcbb0a1b040d53ddecd738cd6feddd9f16e51bb67dd93a0,
https://recrewa.ac.in/Uploads/Rewa-Engineering-College-nirf-report.pdf,IR-E-C-36223,Engineering,2025,False,Madhya Pradesh,crawl,2026-10-08,7ccb1a64386c5fdd55645422a58ba8fe97c94dbdd9df78d1e469ea6c0841de9e,
https://web.mitsgwalior.in/images/mainmenu/nirf/Engineering.pdf,IR-E-C-36239,Engineering,2023,False,Madhya Pradesh,crawl,2026-10-08,e279ff0422a795ff8378dadbea68608d6e587d83573378e9bb59ab75d55395e7,
https://web.mitsgwalior.in/images/mainmenu/nirf/NIRF_Engg_2024-.pdf,IR-E-C-36239,Engineering,2024,False,Madhya Pradesh,crawl,2026-10-08,b8744970e8bad06059ce37c4d76158be464f801f0f7457f8b3bb7055ff4b402c,
http://www.dauniv.ac.in/NIRF/NIRF_2023_Engineering.pdf,IR-E-U-0270,Engineering,2023,False,Madhya Pradesh,crawl,2026-10-08,fce4fd9645d01ceea89249c2d58d2003034ab60b3489b156e0b6ba18ecdf012a,
http://www.dauniv.ac.in/NIRF/Engineering_DAVV_NIRF_2024.pdf,IR-E-U-0270,Engineering,2024,False,Madhya Pradesh,crawl,2026-10-08,c98f7ec82066c5cf2fec0a421ee147aff84dc962b1daa2644e729bd9caed0bd6,
http://www.dauniv.ac.in/NIRF/Engineering_DAVV_NIRF_2025.pdf,IR-E-U-0270,Engineering,2025,False,Madhya Pradesh,crawl,2026-10-08,b4b386188f91c2f5383737062a67d445ad07d2902bac7beec85d7aad3b47b54f,
http://www.dauniv.ac.in/NIRF/Engineering_DAVV_NIRF_2026.pdf,IR-E-U-0270,Engineering,2026,False,Madhya Pradesh,crawl,2026-10-08,2dc030ff9d4557fa1e34feb7df8d2c287a73035a03315ae3d5600e620a70bd75,
https://www.iiserb.ac.in/assets/all_upload/institute/NIRF_Engineering.pdf,IR-E-U-0272,Engineering,2026,False,Madhya Pradesh,crawl,2026-10-08,bceab5b0e848dc3000f9351c225bea1d1703a991a76c017f8be2778b20edde76,
https://www.rkdf.ac.in/NIRF/Engineering.pdf,IR-E-U-0652,Engineering,2024,False,Madhya Pradesh,crawl,2026-10-08,100d3e08c9062b33389fcb7f47c3dc57d2a6e55639ec948408dd83e7b5f1b39d,
https://sritgroup.net/wp-content/uploads/2025/02/NRIF-LAW-SRIL.pdf,IR-L-I-1285,Law,2025,False,Madhya Pradesh,crawl,2026-10-08,bd774d0ed1bc3c709c4d906162325da76694c6f858c4799db80d36d453a137c0,
http://www.dauniv.ac.in/NIRF/NIRF_2023_Law.pdf,IR-L-U-0270,Law,2023,False,Madhya Pradesh,crawl,2026-10-08,b0e9c34a638732c48907137f3dfa2c408e4dbc1e8fcb97ae76ee5a2e824ed1b1,
http://www.dauniv.ac.in/NIRF/Law_DAVV_NIRF_2024.pdf,IR-L-U-0270,Law,2024,False,Madhya Pradesh,crawl,2026-10-08,989777601ba41c3c497938d458aee0b3a1890d4e5fa726b6c701eb24bb2207d7,
http://www.dauniv.ac.in/NIRF/Law_DAVV_NIRF_2025.pdf,IR-L-U-0270,Law,2025,False,Madhya Pradesh,crawl,2026-10-08,7406b2aa16db6b5a00b169db3d2867fa72e629f2c2eb0e001c0528f0e4fb8690,
http://www.dauniv.ac.in/NIRF/Law_DAVV_NIRF_2026.pdf,IR-L-U-0270,Law,2026,False,Madhya Pradesh,crawl,2026-10-08,5fead21f714239bb9e11a59f220ec1ef5020cb63e9904a60b3408606b0658b5b,
https://www.mpdnlu.ac.in/assets/pdf/Dharmashastra National Law University20250301.pdf,IR-L-U-0958,Law,2025,False,Madhya Pradesh,crawl,2026-10-08,7eb13cfdb2676953f1a319a3118857071b6017c93600d162709072867da9aa42,
https://www.mpdnlu.ac.in/assets/pdf/NIRF 2026.pdf,IR-L-U-0958,Law,2026,False,Madhya Pradesh,crawl,2026-10-08,48f6901f789033d8ce65d492dda5bd3ae8b69a25cfc2d9abccb94205d1b0d475,
https://siitpaniv.org/wp-content/uploads/2023/05/NIRF.pdf,IR-C-C-15715,College,2020,False,Maharashtra,prototype,2026-10-08,48ad52e360fa23e765c64871d026e4f24fac3d94a62ab6875e30bb9c021cb04c,
https://vsit.edu.in/wp-content/uploads/2026/01/NIRF-2023-2024-Vidyalankar-School-of-Information-Technology.pdf,IR-C-C-33511,College,2024,False,Maharashtra,prototype,2026-10-08,213b2968d47f0e50e3f0ce1f39b49c53b4a274cafea53b4d1b5ee4dcac5ef315,
https://www.ssbesitm.org/docs/nirf/Institute Data for NIRF 2024.pdf,IR-C-C-7510,College,2024,False,Maharashtra,prototype,2026-10-08,f5cfa81f504014a666412c61750926fbc68e3d12363cd926e9e6490e97522da1,
https://www.ladcollege.ac.in/wp-content/uploads/2025/02/lad-college-nirf-2025.pdf,IR-C-I-1383,College,2025,False,Maharashtra,prototype,2026-10-08,53e1163d91b89e46925d7dec27d99ee3478c2b3455f71130debac816cfb393fe,
https://www.pravara.com/pdf/NIRF_MEDICAL_2025.pdf,IR-D-U-0322,Medical,2025,False,Maharashtra,prototype,2026-10-08,9083ab6a24eef3c8d2a923b3783f1621468f6969fa853e3947333f828e71f398,
https://aiimsnagpur.edu.in/upload/nirf/4fec7ab49e816f380261721ec13b1373.pdf,IR-D-U-1051,Medical,2024,False,Maharashtra,crawl,2026-10-08,6991098231fd42f077b8fe53bf6d0c03e9aee9e23b1d36eace4425029a51dc03,
https://aiimsnagpur.edu.in/upload/nirf/45eed55510c5f656fd8bca9c1427c5a4.pdf,IR-D-U-1051,Medical,2025,False,Maharashtra,crawl,2026-10-08,6ac01ff546c95517f49ba2ee5ad6363c2c4c0997eb574d969a49ade10801fc9c,
https://aiimsnagpur.edu.in/upload/nirf/a70935e55eb0a5d2b3c37b9ae9eeaea8.pdf,IR-D-U-1051,Medical,2026,False,Maharashtra,crawl,2026-10-08,c0b29aed518fea908f3aac650c3bb53b19abc78aed0b33f6bbbf0eff4e30c751,
https://www.kitcoek.in/documents/About/nirf/2024/NIRF 2025 ENGINEERING.pdf,IR-E-C-10996,Engineering,2025,False,Maharashtra,prototype,2026-10-08,7017d33f27c242972a740e68395553dd1b10b517b353a846363bccc56f16534f,
https://gcekarad.ac.in/uploads/general/nirf/Government_College_of_Engineering20200106-.pdf,IR-E-C-11009,Engineering,2020,False,Maharashtra,crawl,2026-10-08,1f7e2321763c470966473ffc4cd81584074c66195b644084c12364042998753f,
https://gcekarad.ac.in/uploads/general/nirf/Government_College_of_Engineering20210218-_1613649953.pdf,IR-E-C-11009,Engineering,2021,False,Maharashtra,crawl,2026-10-08,2e8e0b8e1c9cb23e6e0c148590dec5935b57afe0f21237c332d99d527b8f9ebb,
https://gcekarad.ac.in/uploads/general/nirf/Government_College_of_Engineering20220217-_1645085196.pdf,IR-E-C-11009,Engineering,2022,False,Maharashtra,crawl,2026-10-08,a95ecc0d072aedf14fd53eb0ae34729c78e44e529d86ee3f563b0347c87b5226,
https://www.kbpcoes.edu.in/admin/assets/images/mandatory_disclosures/NIRF2025.pdf,IR-E-C-11018,Engineering,2025,False,Maharashtra,prototype,2026-10-08,c9cede058e7e3943db21c126b30227881391fc6f6104fa84f52bfb45e9bc5c6f,
https://www.sitcoe.ac.in/wp-content/uploads/NIRF-2024-25.pdf,IR-E-C-11110,Engineering,2025,False,Maharashtra,prototype,2026-10-08,f88ffa5f5db184eaab64adc3eedac84d82a523c0b500b378579163a362339afb,
http://coekolhapur.bharatividyapeeth.edu/media/pdf/NIRF_Bharati_Vidyapeeths_College_of_Engineering_Kolhapur_2025_200125.pdf,IR-E-C-11135,Engineering,2025,False,Maharashtra,prototype,2026-10-08,844664876a81ba06d1cedaa2a51a498a6f6cdd26de31faa2c8f5ae32d7f399f2,
https://www.sknscoe.ac.in/nirf/NIRF_2025.pdf,IR-E-C-15745,Engineering,2025,False,Maharashtra,prototype,2026-10-08,ed7cc0ca1a893ef0e9612351b7ae99d69cd583b28d3d19ad646b6da9981879bc,
https://acenagthana.ac.in/assets/pdf/Agnihotri College of Engineering Nagthana road20250221-.pdf,IR-E-C-18362,Engineering,2025,False,Maharashtra,prototype,2026-10-08,dcd56f8ee789c5c3771d90ef512298e98d093b64db65c99a49e121603a728d9e,
https://cumminscollege.edu.in/UserData/uploads/NIRF-REPORT-ENGINEERING-2025.pdf,IR-E-C-18376,Engineering,2025,False,Maharashtra,prototype,2026-10-08,5136ec03d0f92c6a7d88d4d7b7f1b4e9d3e7a217eabdd18f30e8a1d78ae34ad2,
https://www.pcenagpur.edu.in/img_akki/nirf/FINAL_NIRF_DCS_REPORT_FOR_2024.pdf,IR-E-C-18391,Engineering,2024,False,Maharashtra,prototype,2026-10-08,1d651d204c6750bdd5046fc4405ea35240cc860982d6ebc1c5de5380e6434022,
https://www.pbcoe.edu.in/assets/NIRF Report-2023-24.pdf,IR-E-C-18500,Engineering,2024,False,Maharashtra,prototype,2026-10-08,2b3a704376a022836d978aa90d64a32d9d8cf70c402dd85832364ab47b1f03cc,
https://www.tgpcet.com/assets/NIRF/NIRF_Report_2025.pdf,IR-E-C-18670,Engineering,2025,False,Maharashtra,prototype,2026-10-08,3b8f2e0818ed8b1a21e7502b715ea1401946ce2d1a2dfe8af492c9fe5ee1eb51,
https://anjumanengg.edu.in/UserData/uploads/NIRF/Nirf_2023-24.pdf,IR-E-C-18770,Engineering,2025,False,Maharashtra,prototype,2026-10-08,868609041901fa88bc8fb21e418645bd0b70b15de65dde834c43a779c6ba7d33,
https://kits.edu/UserData/uploads/pages/1160/NIRF_2024_ENGG.pdf,IR-E-C-18777,Engineering,2024,False,Maharashtra,prototype,2026-10-08,12f0343490173545b18cf9c7a4b4472de99f1092e37c362f9074c1ad12b07b91,
https://nietm.in/wp-content/uploads/2025/02/NIRF.pdf,IR-E-C-18934,Engineering,2025,False,Maharashtra,prototype,2026-10-08,dcd932a612473b3cfe71f61f69d0c769768a0be63ed619f252df4dbfd7c70146,
https://www.pce.ac.in/wp-content/uploads/2025/02/Pillai-College-of-Engineering-NIRF-2025-ENGINEERING-15.01.2025.pdf,IR-E-C-33505,Engineering,2025,False,Maharashtra,prototype,2026-10-08,d28d6e2a174a77ede72cfc4b55f76aa16d2552a94d5a6aca75a14a4bf91911b7,
https://engineering.saraswatikharghar.edu.in/wp-content/uploads/2024/05/2025-Jan-NIRF-Engineering.pdf,IR-E-C-33575,Engineering,2025,False,Maharashtra,prototype,2026-10-08,5eb028393af4ecd3d12c2ddf4a262b04631a3270eb346e7dc613aca006772adc,
https://vit.edu.in/images/downloads/NIRF/NIRF%202023.pdf,IR-E-C-33588,Engineering,2023,False,Maharashtra,prototype,2026-10-08,9e2a26a6c48c5854cebd10e465a2a757d070ee65ad7e7f54c5452cbf7aa3debc,
https://tsec.edu/wp-content/uploads/2025/02/NIRF-2025_engg.pdf,IR-E-C-33681,Engineering,2025,False,Maharashtra,prototype,2026-10-08,1435280b4070e6f75d969cd6a1c3dbda0adeaa63b49c9319752ca67d40ba66b6,
https://sjcem.edu.in/wp-content/uploads/2025/03/NIRF-REPORT_-ENGG_23-24.pdf,IR-E-C-33765,Engineering,2025,False,Maharashtra,prototype,2026-10-08,828289af24d3398c3808d69f17e3cbf2d1181949fab4f3b6439c0feef0be8fd9,
https://www.mgmmumbai.ac.in/mgmcet/sites/default/files/inline-files/Mahatma%20Gandhi%20Mission%60s%20College%20of%20Engineering%20and%20Technology20250110-%20NIRF%20final%20form.pdf,IR-E-C-33783,Engineering,2025,False,Maharashtra,prototype,2026-10-08,215d7d9f4ee6f1df26c2e4d30a0a6d88bd4c559891bfa2f5b82ab38d715feb1b,
https://www.xavier.ac.in/pdf/NIRF-2023-24.pdf,IR-E-C-33830,Engineering,2025,False,Maharashtra,prototype,2026-10-08,02b764b65a38bf7d068b54a52f65b889cd807fa24ed829093a102bace3a564ae,
https://www.sfit.ac.in/pdf/NIRF/NIRF_Report-2025.pdf,IR-E-C-33882,Engineering,2025,False,Maharashtra,prototype,2026-10-08,bf83745ce72a29859dfa258c17e15b0ec5c115f4eebf04345a2eb3adc6b87609,
https://www.siesgst.edu.in/images/nirf2025.pdf,IR-E-C-33893,Engineering,2025,False,Maharashtra,prototype,2026-10-08,c4e107adcef8222577a4249535a67821b96599aff34444e86edfc6a467d2cfab,
https://s3.us-east-1.amazonaws.com/dmce.ac.in/pdf/NIRF-report-for-2023.pdf,IR-E-C-34200,Engineering,2023,False,Maharashtra,prototype,2026-10-08,597598d9586975720230b9b25543d32b809027757d1ffbba1b1b0412cfb91dce,
https://vcet.edu.in/wp-content/uploads/2025/02/NIRF2025_ENGINEERING_VCET.pdf,IR-E-C-34211,Engineering,2025,False,Maharashtra,prototype,2026-10-08,ce9c618308149f3e675aa91091b151745658567d57ab002b1583e71e1adada21,
https://geca.ac.in/downloads/NIRF2019/NIRF%20Final%20Report%20Engineering%202019.pdf,IR-E-C-34341,Engineering,2019,False,Maharashtra,crawl,2026-10-08,77be60cc6cb61ccd6321e2bf3f3d613362b39a485b7e0e96eab637ce90ebde5b,
https://geca.ac.in/downloads/NIRF2020/NIRF2020Engineering.pdf,IR-E-C-34341,Engineering,2020,False,Maharashtra,crawl,2026-10-08,61cc00ac0e5a2eaa7bce960d2a2c0901d5c5ba407119d3a494b31f8683a51ec1,
https://geca.ac.in/pdf/NIRF/2021/Government%20College%20of%20Engineering%20(Academic%20Autonomous)20210307-GECA.pdf,IR-E-C-34341,Engineering,2021,False,Maharashtra,crawl,2026-10-08,ee3dc19a9ae5a33ac8e471bdcb8034579651e1e3c219885278c6a993b2b4904f,
https://geca.ac.in/pdf/NIRF/2022/2022.pdf,IR-E-C-34341,Engineering,2022,False,Maharashtra,crawl,2026-10-08,994876782121b68322e4c458d411b097db1cdb2feb9528ce75ad1f19b929fb0c,
https://geca.ac.in/pdf/NIRF/2023/Government%20College%20of%20Engineering%20(Academic%20Autonomous)20230626-.pdf,IR-E-C-34341,Engineering,2023,False,Maharashtra,crawl,2026-10-08,d19cb9c1d107cd3380ee94420417d01b9e7114ebb76b187cf5a74953c9361a43,
https://geca.ac.in/pdf/NIRF/2024/Engineering 20240304.pdf,IR-E-C-34341,Engineering,2024,False,Maharashtra,crawl,2026-10-08,dbc9575ea7da007219c92b711050124912e4efe57f02f5236ae63289dacded05,
https://geca.ac.in/pdf/NIRF/2025/Engineering NIRF 2025.pdf,IR-E-C-34341,Engineering,2025,False,Maharashtra,crawl,2026-10-08,35121ee33a1bbd12e4e28b51edb31ed89033eeaceba2248235282b3317153a76,
https://geca.ac.in/pdf/NIRF/2026/GECA-Engineering2026.pdf,IR-E-C-34341,Engineering,2026,False,Maharashtra,crawl,2026-10-08,c0f3d82bd99266914cd798040b19200fdc6d33ac3ee50150b7bcf843b8ac264d,
https://coeosmanabad.ac.in/wp-content/uploads/2024/03/Terna-Public-Charitable-Trusts-College-of-Engineering20240131-.pdf,IR-E-C-34508,Engineering,2024,False,Maharashtra,prototype,2026-10-08,5cca2363b1b56dab01edbfaf151364233bf57dcf2bcea1b21ab52d21f97363d4,
https://aissmscoe.com/wp-content/uploads/2024/03/AISSMSCOE_NIRF-Ranking-2024-Engineering.pdf,IR-E-C-41227,Engineering,2024,False,Maharashtra,prototype,2026-10-08,96ddaf00f2e9e77681db7ed3982d6a70f7ff0296b4493a3252ce20db33bcd420,
https://coewpune.bharatividyapeeth.edu/media/pdf/NIRF_2024_051224.pdf,IR-E-C-41377,Engineering,2024,False,Maharashtra,prototype,2026-10-08,3ebb2a15310eb0855216e682aa41df0e1281e23bb3bb2a1e4c20ec097f673f2d,
https://www.abmspcoerpune.org/wp-content/uploads/2025/02/NIRF-2024.pdf,IR-E-C-41484,Engineering,2024,False,Maharashtra,prototype,2026-10-08,b9b4399024de401457c470975c31c11ad156aadc9c2d1eb72e1fbb252fc4086c,
https://dpcoepune.edu.in/wp-content/uploads/2024/01/DHOLE-PATIL-EDUCATION-SOCIETYS-DHOLE-PATIL-COLLEGE-OF-ENGINEERING.20240110-.pdf,IR-E-C-41485,Engineering,2024,False,Maharashtra,prototype,2026-10-08,c09b880143640994d7dec75915f96130a988bb8af95c331eb2d75033b0603a3a,
https://www.viit.ac.in/images/Quality/NIRF/Vishwakarma-Institute-of-Information-Technology-2024.pdf,IR-E-C-41497,Engineering,2024,False,Maharashtra,prototype,2026-10-08,5eaf9cea47a8647de68f15b428624491afbd468b640f18957faf91e202ce6367,
https://dypcoeakurdi.ac.in/images/Gallery/NIRF2024.pdf,IR-E-C-41513,Engineering,2024,False,Maharashtra,prototype,2026-10-08,139a3a581ef4edb22cfedbc4a01102baed0578d0278985c475e72e5dbcb93d9e,
https://kbtcoe.org/wp-content/uploads/2021/03/NIRF_Engg_2025_compressed.pdf,IR-E-C-41622,Engineering,2025,False,Maharashtra,prototype,2026-10-08,74b013712c69cb2cc2b624522c066f973278290bb050ea1475d53e4aca374e00,
https://www.pravaraengg.org.in/Download/NIRF/NIRF-2025.pdf,IR-E-C-41639,Engineering,2025,False,Maharashtra,prototype,2026-10-08,6fdcd635110afefd20d5cc6bff27e6beb953b379bc50a3007069833ca0ce5acd,
https://www.isquareit.edu.in/wp-content/uploads/2025/02/NIRF-2025-submitted-data.pdf,IR-E-C-41681,Engineering,2025,False,Maharashtra,prototype,2026-10-08,b9fcb5fbf7015991d5b04946f8d740d1c53b59fcfe8917d7f7019d1cbbe9a26c,
http://www.vpkbiet.org/pdf/research/Engineering  Category VPKBIET 2025.pdf,IR-E-C-41689,Engineering,2025,False,Maharashtra,prototype,2026-10-08,81b7ca0507525eef195cf59032b4f200c95af935fde942c71301d1b9e6c3bc3d,
https://mitaoe.ac.in/assets/images/pdf/MIT -Academy-of-Engineering20241226-Engineering.pdf,IR-E-C-41725,Engineering,2025,False,Maharashtra,prototype,2026-10-08,4e39a474c30d5a87f7830cb0d34d7b7256f212b6e0417d4ace1297359035fcb7,
https://www.dypiemr.ac.in/images/Gallery/NIRF2023_renamed_20240304175518.pdf,IR-E-C-41755,Engineering,2024,False,Maharashtra,prototype,2026-10-08,e630f737cf15c242bf8c25625baaaaf54c67f4a850c74de88b0be6e291ab9675,
https://ges-coengg.org/wp-content/uploads/2025/04/NIRF-2025-26-Engineering.pdf,IR-E-C-41921,Engineering,2026,False,Maharashtra,prototype,2026-10-08,a2fcb1a02d188043af6a610f712deaa5f36530cabe1914d62fb8408eacbfef49,
https://mmit.edu.in/wp-content/uploads/2025/08/MMIT-NIRF-2025.pdf,IR-E-C-41943,Engineering,2025,False,Maharashtra,prototype,2026-10-08,b02a4324010b070a99048139070119493b36f7771634cccf54ee134dcbd5d333,
http://www.pccoepune.com/pdf/NIRF-2025-Engineering-PCCoE-Data.pdf,IR-E-C-41991,Engineering,2025,False,Maharashtra,prototype,2026-10-08,29609197f5fcd42b27c76796d4d227ce8511351a9ea96e2f51f60db086f1766f,
https://www.pvgcoet.ac.in/wp-content/uploads/2025/02/PVGs-College-of-Engineering-and-Technology-and-G.-K.-Pate-Wani-Institute-of-Management20241231-.pdf,IR-E-C-42143,Engineering,2025,False,Maharashtra,prototype,2026-10-08,e7c85be21c6cf776924766a96b9df6bca1bb4ae15979038daa34bf4ba50ec983,
http://jdiet.ac.in/pdf/NIRF 2025.pdf,IR-E-C-43070,Engineering,2025,False,Maharashtra,prototype,2026-10-08,55ff1e4d87b4744a6ad5c99638abfaba486092f1b82f2cebe223b66cbcd1eeb9,
https://mitra.ac.in/pdf/Prof.%20Ram%20Meghe%20Institute%20of%20Technology%20&%20Research20240301-.pdf,IR-E-C-43072,Engineering,2025,False,Maharashtra,prototype,2026-10-08,897f378b20c1e319315b1fb7b7841b38608c1d6b23d784da97ecbb0e57d9b0af,
https://www.umit.ac.in/_files/ugd/db66c0_937e982aaa6a4a35be67769e6a7fc516.pdf,IR-E-C-44230,Engineering,2023,False,Maharashtra,crawl,2026-10-08,927336d3af633830a8bbb06cfc84634f47bd7718a83de2ebf01de25a664fab1e,
https://www.umit.ac.in/_files/ugd/db66c0_360181a2f05d40399759039b086ac270.pdf,IR-E-C-44230,Engineering,2024,False,Maharashtra,crawl,2026-10-08,22b2b9ea54f1ad55e66d5e4e22d513617fdd69bf1b08e403c43a61268d727b43,
https://jaihind.edu.in/uploads/JCOE/files/NIRF_2025_Jaihind_College_of_Engineering_Kuran_Tal_Junnar_Dist_Pune.pdf,IR-E-C-44591,Engineering,2025,False,Maharashtra,prototype,2026-10-08,3f3b1f7945186ecd1878ee1264dc1a61daf66a171f0cad6a9ecc37cf5924cfdf,
https://slrtce.in/wp-content/uploads/2024/01/NIRF-DATA-2023.pdf,IR-E-C-46313,Engineering,2023,False,Maharashtra,prototype,2026-10-08,795bd86df70ac72d47032b475298182342b5f1a628cb9f698b7b0a232ee25933,
https://adypsoe.in/img/Ajeenkya DY Patil School of Engineering-NIRF_2024.pdf,IR-E-C-46648,Engineering,2024,False,Maharashtra,prototype,2026-10-08,5128bf309900583fe71bce3db38f237780118ca4fc0ae221ed8e232ae5246dca,
https://vimeet.vishwaniketan.edu.in/wp-content/uploads/2025/02/VISHWANIKETANs-INSTITUTE-OF-MANAGEMENT-ENTREPRENEURSHIP-and-ENGINEERING-TECHNOLOGY20250119-_ENGG_NIRF_25.pdf,IR-E-C-48544,Engineering,2025,False,Maharashtra,prototype,2026-10-08,7ef522161fb0efffae81538ec747bc3a22be2f56a21a8a874d64a5ab24245e5a,
https://www.apsit.edu.in/sites/default/files/2025-02/NIRF-2025-A%20P%20Shah%20Institute%20Of%20Technology20250115-.pdf,IR-E-C-50450,Engineering,2025,False,Maharashtra,prototype,2026-10-08,5ce451bc2c763a20a2ec578b56eb95a87a10adb7f826075534b8c9644cef392f,
https://www.dypcoei.edu.in/wp-content/uploads/2025/02/Dr-D-Y-Patil-Educational-Federation-Dr-D-Y-Patil-College-of-Engineering-Innovation-Varale-Talegaon-Maval20250217-NIRF.pdf,IR-E-C-50614,Engineering,2025,False,Maharashtra,prototype,2026-10-08,75b543c54b438c4b525a8433cd081e4b1de2418a5b4ad960131dee46be3d5932,
https://www.csmssengg.org/NIRF/4CSMSS_Chh_Shahu_College_of_Engineering20250125-NIRF_Report.pdf,IR-E-C-51494,Engineering,2025,False,Maharashtra,prototype,2026-10-08,5d19e3f7cf4c1f3a517cccc690353913ed7b1acb0cb0f454692874ca90756ae6,
https://www.gcoen.ac.in/downloads/Engineering_NIRF_data.pdf,IR-E-C-56586,Engineering,2024,False,Maharashtra,crawl,2026-10-08,47cd7dcd4d66ab0604ba20be87a4a42c668fb3ef5b9c696f360cb6eccd3de970,
https://www.gcoen.ac.in/downloads/GOVERNMENTCOLLEGEOFENGINEERING20260408-_(1)1.pdf,IR-E-C-56586,Engineering,2026,False,Maharashtra,crawl,2026-10-08,e61a95f5178882dacebad88145d57c7e7d3fa17339e5d421ad5c5c45e319ccd0,
https://www.gfgcoe.ac.in/NIRF/NIRF2025.pdf,IR-E-C-8836,Engineering,2025,False,Maharashtra,prototype,2026-10-08,9ff68f23e50890b9ae1ffc98729031fae1a6394e62354a05652a5e82d055f664,
https://www.rcpit.ac.in/files/NIRF-2025.pdf,IR-E-C-8838,Engineering,2025,False,Maharashtra,prototype,2026-10-08,21de422bd55406d214c23683cde29e28f028a653bffc659d0a06f7968dd877da,
https://www.sscoetjalgaon.ac.in/public/pdfs/mandatory-disclosures/NIRF-Engineering-2025.pdf,IR-E-C-8977,Engineering,2025,False,Maharashtra,prototype,2026-10-08,3f536597700e5fbdeeefefd860282209b6f08da28d0bced17180295185acea4b,
https://www.ssvpsengg.ac.in/wp-content/uploads/2023/02/NIRF_Engg.pdf,IR-E-I-1035,Engineering,2023,False,Maharashtra,prototype,2026-10-08,e60dfebbef94769769e8bf65c1ed16e20ad6d40115aa1db814eb9dcdc6984aa5,
https://dbatu.ac.in/wp-content/uploads/2020/01/NIRF-DCS-REPORT-2018-19.pdf,IR-E-U-0299,Engineering,2020,False,Maharashtra,crawl,2026-10-08,d95b515e500e2d023d5be099adee3bf2abd493de64f272a93233d979c9a0e1c8,
https://dbatu.ac.in/wp-content/uploads/2022/02/NIRF-2022-ENGINEERING.pdf,IR-E-U-0299,Engineering,2022,False,Maharashtra,crawl,2026-10-08,12efceb0a62949dd2565bb0b94e9709edf282a9151a4f350f2b74a1def530810,
https://dbatu.ac.in/wp-content/uploads/2023/02/DBATU_Engineering_2.pdf,IR-E-U-0299,Engineering,2023,False,Maharashtra,crawl,2026-10-08,80d17d36fc9035eeb8b337b8487451f5fdbaf726f823afe3130708ab8ef6480d,
https://dbatu.ac.in/wp-content/uploads/2024/03/NIRF2024_Engineering.pdf,IR-E-U-0299,Engineering,2024,False,Maharashtra,crawl,2026-10-08,cfc41867db3dea1e5900259e4d1bfda35e83ef1e9796a69e37d5d4bb91f65725,
https://dbatu.ac.in/wp-content/uploads/2025/02/Engineering_NIRF_2025.pdf,IR-E-U-0299,Engineering,2025,False,Maharashtra,crawl,2026-10-08,ffe77280d242f7e59dba0656c7408b7b4d35dd6fda4779160dea0f4f7f5d0792,
https://dbatu.ac.in/wp-content/uploads/2026/04/Engineering_NIRF26.pdf,IR-E-U-0299,Engineering,2026,False,Maharashtra,crawl,2026-10-08,b626ba3ec220c9ca29f29dd3765df9f34c33c1ea30f715658a65d182da53820c,
https://www.sndt.ac.in/pdf/downloads/nirf/2020/nirf-sndtwu-mumbai-engineering.pdf,IR-E-U-0326,Engineering,2020,False,Maharashtra,crawl,2026-10-08,91572e4a8323b03bbd1623a96d1f91c6cd6ade2f325ab996db9e129ee5575ef3,
https://www.sndt.ac.in/pdf/downloads/nirf/2020/nirf-sndtwu-mumbai-law.pdf,IR-L-U-0326,Law,2020,False,Maharashtra,crawl,2026-10-08,82ca7d8b6c24f9fb2d4ee704273725b831827e8c3362b339e47319ef8e16ef76,
https://nagpuruniversity.ac.in/writereaddata/fckimagefile/NIRF LAW 2026.pdf,IR-L-U-0332,Law,2026,False,Maharashtra,crawl,2026-10-08,c06e7aef5046c71c08c10aed03020c1bf98379f2982023d4ccb23d6391eaa9d4,
https://iiitkalyani.ac.in/api/serve/2026/02/13/INDIAN_INSTITUTE_OF_INFORMATION_TECHNOLOGY__KALYANI20250110-nirf_1770984981_7ccec06e.pdf,IR-E-U-0796,Engineering,2025,False,West Bengal,prototype,2026-10-08,276943fa668ddd6505da1e59a5e097f3cc6a83561ad60efb13d19436037b3fdc,
